,sample_name,barcode,r1,r2,AMR_mapped_reads (%)
0,14542.PMM1D1.R4,3D0416A,/qmounts/qiita_data/per_sample_FASTQ/194122/3D0416A_S408_L004_R1_001.trimmed.fastq.gz,/qmounts/qiita_data/per_sample_FASTQ/194122/3D0416A_S408_L004_R2_001.trimmed.fastq.gz,0.251801
1,14542.LAB1O6.R2,3D0245A,/qmounts/qiita_data/per_sample_FASTQ/194122/3D0245A_S353_L004_R1_001.trimmed.fastq.gz,/qmounts/qiita_data/per_sample_FASTQ/194122/3D0245A_S353_L004_R2_001.trimmed.fastq.gz,0.246881
2,14542.PMM1S1.L7,3D1004A,/qmounts/qiita_data/per_sample_FASTQ/194122/3D1004A_S267_L004_R1_001.trimmed.fastq.gz,/qmounts/qiita_data/per_sample_FASTQ/194122/3D1004A_S267_L004_R2_001.trimmed.fastq.gz,0.144828
3,14542.LAB1O2.L1,3D0203A,/qmounts/qiita_data/per_sample_FASTQ/194122/3D0203A_S19_L004_R1_001.trimmed.fastq.gz,/qmounts/qiita_data/per_sample_FASTQ/194122/3D0203A_S19_L004_R2_001.trimmed.fastq.gz,0.193943
4,14542.COL1A2.R1,3D0492A,/qmounts/qiita_data/per_sample_FASTQ/194122/3D0492A_S336_L004_R1_001.trimmed.fastq.gz,/qmounts/qiita_data/per_sample_FASTQ/194122/3D0492A_S336_L004_R2_001.trimmed.fastq.gz,0.148939
5,14542.NOD3O5.R1,3D1374A,/qmounts/qiita_data/per_sample_FASTQ/194122/3D1374A_S332_L004_R1_001.trimmed.fastq.gz,/qmounts/qiita_data/per_sample_FASTQ/194122/3D1374A_S332_L004_R2_001.trimmed.fastq.gz,0.205109
6,14542.NOD2O2.R6,3D0967A,/qmounts/qiita_data/per_sample_FASTQ/194122/3D0967A_S193_L004_R1_001.trimmed.fastq.gz,/qmounts/qiita_data/per_sample_FASTQ/194122/3D0967A_S193_L004_R2_001.trimmed.fastq.gz,0.219756
7,14542.COL1O3.L2,3D0451A,/qmounts/qiita_data/per_sample_FASTQ/194122/3D0451A_S165_L004_R1_001.trimmed.fastq.gz,/qmounts/qiita_data/per_sample_FASTQ/194122/3D0451A_S165_L004_R2_001.trimmed.fastq.gz,0.181486
8,14542.PMM1P1.L8,3D0308A,/qmounts/qiita_data/per_sample_FASTQ/194122/3D0308A_S455_L004_R1_001.trimmed.fastq.gz,/qmounts/qiita_data/per_sample_FASTQ/194122/3D0308A_S455_L004_R2_001.trimmed.fastq.gz,0.22331
9,14542.NOD3A2.L4,3D1218A,/qmounts/qiita_data/per_sample_FASTQ/194122/3D1218A_S402_L004_R1_001.trimmed.fastq.gz,/qmounts/qiita_data/per_sample_FASTQ/194122/3D1218A_S402_L004_R2_001.trimmed.fastq.gz,0.194426
10,14542.NOD2D2.R3,3D1358A,/qmounts/qiita_data/per_sample_FASTQ/194122/3D1358A_S303_L004_R1_001.trimmed.fastq.gz,/qmounts/qiita_data/per_sample_FASTQ/194122/3D1358A_S303_L004_R2_001.trimmed.fastq.gz,0.22073
11,14542.NOD3F5.R6,3D0994A,/qmounts/qiita_data/per_sample_FASTQ/194122/3D0994A_S322_L004_R1_001.trimmed.fastq.gz,/qmounts/qiita_data/per_sample_FASTQ/194122/3D0994A_S322_L004_R2_001.trimmed.fastq.gz,0.224723
12,14542.NOD3A2.L3,3D0420A,/qmounts/qiita_data/per_sample_FASTQ/194122/3D0420A_S249_L004_R1_001.trimmed.fastq.gz,/qmounts/qiita_data/per_sample_FASTQ/194122/3D0420A_S249_L004_R2_001.trimmed.fastq.gz,0.218153
13,14542.NOD1S4.R4,3D0551A,/qmounts/qiita_data/per_sample_FASTQ/194122/3D0551A_S39_L004_R1_001.trimmed.fastq.gz,/qmounts/qiita_data/per_sample_FASTQ/194122/3D0551A_S39_L004_R2_001.trimmed.fastq.gz,0.161613
14,14542.NOD1P2.R1,3D0570A,/qmounts/qiita_data/per_sample_FASTQ/194122/3D0570A_S365_L004_R1_001.trimmed.fastq.gz,/qmounts/qiita_data/per_sample_FASTQ/194122/3D0570A_S365_L004_R2_001.trimmed.fastq.gz,0.265664
15,14542.NOD2O4.R6,3D0870A,/qmounts/qiita_data/per_sample_FASTQ/194122/3D0870A_S437_L004_R1_001.trimmed.fastq.gz,/qmounts/qiita_data/per_sample_FASTQ/194122/3D0870A_S437_L004_R2_001.trimmed.fastq.gz,0.18946
16,14542.NOD1S4.L3,3D1260A,/qmounts/qiita_data/per_sample_FASTQ/194122/3D1260A_S306_L004_R1_001.trimmed.fastq.gz,/qmounts/qiita_data/per_sample_FASTQ/194122/3D1260A_S306_L004_R2_001.trimmed.fastq.gz,0.22329
17,14542.NOD2O4.L5,3D0858A,/qmounts/qiita_data/per_sample_FASTQ/194122/3D0858A_S313_L004_R1_001.trimmed.fastq.gz,/qmounts/qiita_data/per_sample_FASTQ/194122/3D0858A_S313_L004_R2_001.trimmed.fastq.gz,0.180317
18,14542.JPM1F5.L1,3D0311A,/qmounts/qiita_data/per_sample_FASTQ/194122/3D0311A_S64_L004_R1_001.trimmed.fastq.gz,/qmounts/qiita_data/per_sample_FASTQ/194122/3D0311A_S64_L004_R2_001.trimmed.fastq.gz,0.206223
19,14542.COL1O3.R1,3D0457A,/qmounts/qiita_data/per_sample_FASTQ/194122/3D0457A_S347_L004_R1_001.trimmed.fastq.gz,/qmounts/qiita_data/per_sample_FASTQ/194122/3D0457A_S347_L004_R2_001.trimmed.fastq.gz,0.207685
20,14542.NOD2P4.L5,3D0861A,/qmounts/qiita_data/per_sample_FASTQ/194122/3D0861A_S374_L004_R1_001.trimmed.fastq.gz,/qmounts/qiita_data/per_sample_FASTQ/194122/3D0861A_S374_L004_R2_001.trimmed.fastq.gz,0.446006
21,14542.NOD1O4.R2,3D1274A,/qmounts/qiita_data/per_sample_FASTQ/194122/3D1274A_S191_L004_R1_001.trimmed.fastq.gz,/qmounts/qiita_data/per_sample_FASTQ/194122/3D1274A_S191_L004_R2_001.trimmed.fastq.gz,0.236353
22,14542.PMM1S1.L8,3D1072A,/qmounts/qiita_data/per_sample_FASTQ/194122/3D1072A_S158_L004_R1_001.trimmed.fastq.gz,/qmounts/qiita_data/per_sample_FASTQ/194122/3D1072A_S158_L004_R2_001.trimmed.fastq.gz,0.187894
23,14542.NOD1P4.L10,3D1266A,/qmounts/qiita_data/per_sample_FASTQ/194122/3D1266A_S181_L004_R1_001.trimmed.fastq.gz,/qmounts/qiita_data/per_sample_FASTQ/194122/3D1266A_S181_L004_R2_001.trimmed.fastq.gz,0.227116
24,14542.NOD3O2.L14,3D0926A,/qmounts/qiita_data/per_sample_FASTQ/194122/3D0926A_S264_L004_R1_001.trimmed.fastq.gz,/qmounts/qiita_data/per_sample_FASTQ/194122/3D0926A_S264_L004_R2_001.trimmed.fastq.gz,0.412174
25,14542.NOD1S2.L3,3D0502A,/qmounts/qiita_data/per_sample_FASTQ/194122/3D0502A_S310_L004_R1_001.trimmed.fastq.gz,/qmounts/qiita_data/per_sample_FASTQ/194122/3D0502A_S310_L004_R2_001.trimmed.fastq.gz,0.173409
26,14542.NOD3F2.R7,3D1352A,/qmounts/qiita_data/per_sample_FASTQ/194122/3D1352A_S149_L004_R1_001.trimmed.fastq.gz,/qmounts/qiita_data/per_sample_FASTQ/194122/3D1352A_S149_L004_R2_001.trimmed.fastq.gz,0.187079
27,14542.COL1A3.R1,3D0479A,/qmounts/qiita_data/per_sample_FASTQ/194122/3D0479A_S217_L004_R1_001.trimmed.fastq.gz,/qmounts/qiita_data/per_sample_FASTQ/194122/3D0479A_S217_L004_R2_001.trimmed.fastq.gz,0.109165
28,14542.NOD2D2.R2,3D1318A,/qmounts/qiita_data/per_sample_FASTQ/194122/3D1318A_S134_L004_R1_001.trimmed.fastq.gz,/qmounts/qiita_data/per_sample_FASTQ/194122/3D1318A_S134_L004_R2_001.trimmed.fastq.gz,0.176559
29,14542.A.L1O1.L2,3D1016A,/qmounts/qiita_data/per_sample_FASTQ/194122/3D1016A_S107_L004_R1_001.trimmed.fastq.gz,/qmounts/qiita_data/per_sample_FASTQ/194122/3D1016A_S107_L004_R2_001.trimmed.fastq.gz,0.236287
30,14542.LAB1S1.L1,3D0560A,/qmounts/qiita_data/per_sample_FASTQ/194122/3D0560A_S182_L004_R1_001.trimmed.fastq.gz,/qmounts/qiita_data/per_sample_FASTQ/194122/3D0560A_S182_L004_R2_001.trimmed.fastq.gz,0.238621
31,14542.NOD3O4.L3,3D0976A,/qmounts/qiita_data/per_sample_FASTQ/194122/3D0976A_S456_L004_R1_001.trimmed.fastq.gz,/qmounts/qiita_data/per_sample_FASTQ/194122/3D0976A_S456_L004_R2_001.trimmed.fastq.gz,0.193918
32,14542.LAB1O2.R1,3D0255A,/qmounts/qiita_data/per_sample_FASTQ/194122/3D0255A_S121_L004_R1_001.trimmed.fastq.gz,/qmounts/qiita_data/per_sample_FASTQ/194122/3D0255A_S121_L004_R2_001.trimmed.fastq.gz,0.156192
33,14542.NOD3A2.R3,3D1206A,/qmounts/qiita_data/per_sample_FASTQ/194122/3D1206A_S445_L004_R1_001.trimmed.fastq.gz,/qmounts/qiita_data/per_sample_FASTQ/194122/3D1206A_S445_L004_R2_001.trimmed.fastq.gz,0.199376
34,14542.LAB1O3.R2,3D0241A,/qmounts/qiita_data/per_sample_FASTQ/194122/3D0241A_S398_L004_R1_001.trimmed.fastq.gz,/qmounts/qiita_data/per_sample_FASTQ/194122/3D0241A_S398_L004_R2_001.trimmed.fastq.gz,0.196534
35,14542.NOD2S4.L3,3D0892A,/qmounts/qiita_data/per_sample_FASTQ/194122/3D0892A_S188_L004_R1_001.trimmed.fastq.gz,/qmounts/qiita_data/per_sample_FASTQ/194122/3D0892A_S188_L004_R2_001.trimmed.fastq.gz,0.276517
36,14542.NOD3F5.R4,3D0962A,/qmounts/qiita_data/per_sample_FASTQ/194122/3D0962A_S387_L004_R1_001.trimmed.fastq.gz,/qmounts/qiita_data/per_sample_FASTQ/194122/3D0962A_S387_L004_R2_001.trimmed.fastq.gz,0.255221
37,14542.NOD3O4.L4,3D0950A,/qmounts/qiita_data/per_sample_FASTQ/194122/3D0950A_S41_L004_R1_001.trimmed.fastq.gz,/qmounts/qiita_data/per_sample_FASTQ/194122/3D0950A_S41_L004_R2_001.trimmed.fastq.gz,0.324517
38,14542.PMM1O1.R3,3D0344A,/qmounts/qiita_data/per_sample_FASTQ/194122/3D0344A_S147_L004_R1_001.trimmed.fastq.gz,/qmounts/qiita_data/per_sample_FASTQ/194122/3D0344A_S147_L004_R2_001.trimmed.fastq.gz,0.1567
39,14542.LAB1S2.L2,3D0558A,/qmounts/qiita_data/per_sample_FASTQ/194122/3D0558A_S16_L004_R1_001.trimmed.fastq.gz,/qmounts/qiita_data/per_sample_FASTQ/194122/3D0558A_S16_L004_R2_001.trimmed.fastq.gz,0.18536
40,14542.NOD1O4.R9,3D1264A,/qmounts/qiita_data/per_sample_FASTQ/194122/3D1264A_S130_L004_R1_001.trimmed.fastq.gz,/qmounts/qiita_data/per_sample_FASTQ/194122/3D1264A_S130_L004_R2_001.trimmed.fastq.gz,0.219764
41,14542.NOD2S2.L3,3D0946A,/qmounts/qiita_data/per_sample_FASTQ/194122/3D0946A_S444_L004_R1_001.trimmed.fastq.gz,/qmounts/qiita_data/per_sample_FASTQ/194122/3D0946A_S444_L004_R2_001.trimmed.fastq.gz,0.16883
42,14542.NOD3A5.R3,3D1365A,/qmounts/qiita_data/per_sample_FASTQ/194122/3D1365A_S96_L004_R1_001.trimmed.fastq.gz,/qmounts/qiita_data/per_sample_FASTQ/194122/3D1365A_S96_L004_R2_001.trimmed.fastq.gz,0.215311
43,14542.NOD3F4.R4,3D0902A,/qmounts/qiita_data/per_sample_FASTQ/194122/3D0902A_S214_L004_R1_001.trimmed.fastq.gz,/qmounts/qiita_data/per_sample_FASTQ/194122/3D0902A_S214_L004_R2_001.trimmed.fastq.gz,0.232366
44,14542.PMM1S1.L1,3D1033A,/qmounts/qiita_data/per_sample_FASTQ/194122/3D1033A_S205_L004_R1_001.trimmed.fastq.gz,/qmounts/qiita_data/per_sample_FASTQ/194122/3D1033A_S205_L004_R2_001.trimmed.fastq.gz,0.16548
45,14542.NOD1P2.L8,3D0599A,/qmounts/qiita_data/per_sample_FASTQ/194122/3D0599A_S425_L004_R1_001.trimmed.fastq.gz,/qmounts/qiita_data/per_sample_FASTQ/194122/3D0599A_S425_L004_R2_001.trimmed.fastq.gz,0.217799
46,14542.NOD3A4.R5,3D1337A,/qmounts/qiita_data/per_sample_FASTQ/194122/3D1337A_S254_L004_R1_001.trimmed.fastq.gz,/qmounts/qiita_data/per_sample_FASTQ/194122/3D1337A_S254_L004_R2_001.trimmed.fastq.gz,0.229547
47,14542.NOD3A2.R5,3D0961A,/qmounts/qiita_data/per_sample_FASTQ/194122/3D0961A_S448_L004_R1_001.trimmed.fastq.gz,/qmounts/qiita_data/per_sample_FASTQ/194122/3D0961A_S448_L004_R2_001.trimmed.fastq.gz,0.159868
48,14542.NOD2P2.R1,3D1319A,/qmounts/qiita_data/per_sample_FASTQ/194122/3D1319A_S26_L004_R1_001.trimmed.fastq.gz,/qmounts/qiita_data/per_sample_FASTQ/194122/3D1319A_S26_L004_R2_001.trimmed.fastq.gz,0.210101
49,14542.NOD3F2.L5,3D1338A,/qmounts/qiita_data/per_sample_FASTQ/194122/3D1338A_S48_L004_R1_001.trimmed.fastq.gz,/qmounts/qiita_data/per_sample_FASTQ/194122/3D1338A_S48_L004_R2_001.trimmed.fastq.gz,0.204693
50,14542.NOD2O4.R1,3D0878A,/qmounts/qiita_data/per_sample_FASTQ/194122/3D0878A_S196_L004_R1_001.trimmed.fastq.gz,/qmounts/qiita_data/per_sample_FASTQ/194122/3D0878A_S196_L004_R2_001.trimmed.fastq.gz,0.208761
51,14542.NOD3F5.L6,3D0943A,/qmounts/qiita_data/per_sample_FASTQ/194122/3D0943A_S315_L004_R1_001.trimmed.fastq.gz,/qmounts/qiita_data/per_sample_FASTQ/194122/3D0943A_S315_L004_R2_001.trimmed.fastq.gz,0.376992
52,14542.PMM1P1.R4,3D0327A,/qmounts/qiita_data/per_sample_FASTQ/194122/3D0327A_S155_L004_R1_001.trimmed.fastq.gz,/qmounts/qiita_data/per_sample_FASTQ/194122/3D0327A_S155_L004_R2_001.trimmed.fastq.gz,0.251149
53,14542.JPM1D3.L2,3D0267A,/qmounts/qiita_data/per_sample_FASTQ/194122/3D0267A_S227_L004_R1_001.trimmed.fastq.gz,/qmounts/qiita_data/per_sample_FASTQ/194122/3D0267A_S227_L004_R2_001.trimmed.fastq.gz,0.126196
54,14542.NOD3A4.R4,3D1301A,/qmounts/qiita_data/per_sample_FASTQ/194122/3D1301A_S141_L004_R1_001.trimmed.fastq.gz,/qmounts/qiita_data/per_sample_FASTQ/194122/3D1301A_S141_L004_R2_001.trimmed.fastq.gz,0.186836
55,14542.LAB1O6.L1,3D0442A,/qmounts/qiita_data/per_sample_FASTQ/194122/3D0442A_S238_L004_R1_001.trimmed.fastq.gz,/qmounts/qiita_data/per_sample_FASTQ/194122/3D0442A_S238_L004_R2_001.trimmed.fastq.gz,0.114711
56,14542.NOD1O4.L3,3D1255A,/qmounts/qiita_data/per_sample_FASTQ/194122/3D1255A_S71_L004_R1_001.trimmed.fastq.gz,/qmounts/qiita_data/per_sample_FASTQ/194122/3D1255A_S71_L004_R2_001.trimmed.fastq.gz,0.278983
57,14542.LAB1D4.L2,3D0232A,/qmounts/qiita_data/per_sample_FASTQ/194122/3D0232A_S422_L004_R1_001.trimmed.fastq.gz,/qmounts/qiita_data/per_sample_FASTQ/194122/3D0232A_S422_L004_R2_001.trimmed.fastq.gz,0.225907
58,14542.COL1A2.R2,3D0458A,/qmounts/qiita_data/per_sample_FASTQ/194122/3D0458A_S105_L004_R1_001.trimmed.fastq.gz,/qmounts/qiita_data/per_sample_FASTQ/194122/3D0458A_S105_L004_R2_001.trimmed.fastq.gz,0.162582
59,14542.NOD3D4.R5,3D0917A,/qmounts/qiita_data/per_sample_FASTQ/194122/3D0917A_S139_L004_R1_001.trimmed.fastq.gz,/qmounts/qiita_data/per_sample_FASTQ/194122/3D0917A_S139_L004_R2_001.trimmed.fastq.gz,0.185216
60,14542.JLP1A1.L3,3D1426A,/qmounts/qiita_data/per_sample_FASTQ/194122/3D1426A_S275_L004_R1_001.trimmed.fastq.gz,/qmounts/qiita_data/per_sample_FASTQ/194122/3D1426A_S275_L004_R2_001.trimmed.fastq.gz,0.0825695
61,14542.NOD2S4.R1,3D0837A,/qmounts/qiita_data/per_sample_FASTQ/194122/3D0837A_S443_L004_R1_001.trimmed.fastq.gz,/qmounts/qiita_data/per_sample_FASTQ/194122/3D0837A_S443_L004_R2_001.trimmed.fastq.gz,0.165037
62,14542.NOD3D2.C5,3D1307A,/qmounts/qiita_data/per_sample_FASTQ/194122/3D1307A_S328_L004_R1_001.trimmed.fastq.gz,/qmounts/qiita_data/per_sample_FASTQ/194122/3D1307A_S328_L004_R2_001.trimmed.fastq.gz,0.213187
63,14542.NOD3O2.R9,3D0914A,/qmounts/qiita_data/per_sample_FASTQ/194122/3D0914A_S36_L004_R1_001.trimmed.fastq.gz,/qmounts/qiita_data/per_sample_FASTQ/194122/3D0914A_S36_L004_R2_001.trimmed.fastq.gz,0.178769
64,14542.LAB1S6.R1.,3D0229A,/qmounts/qiita_data/per_sample_FASTQ/194122/3D0229A_S357_L004_R1_001.trimmed.fastq.gz,/qmounts/qiita_data/per_sample_FASTQ/194122/3D0229A_S357_L004_R2_001.trimmed.fastq.gz,0.243729
65,14542.NOD2P4.R3,3D0813A,/qmounts/qiita_data/per_sample_FASTQ/194122/3D0813A_S137_L004_R1_001.trimmed.fastq.gz,/qmounts/qiita_data/per_sample_FASTQ/194122/3D0813A_S137_L004_R2_001.trimmed.fastq.gz,0.188983
66,14542.NOD1O4.L1,3D1207A,/qmounts/qiita_data/per_sample_FASTQ/194122/3D1207A_S22_L004_R1_001.trimmed.fastq.gz,/qmounts/qiita_data/per_sample_FASTQ/194122/3D1207A_S22_L004_R2_001.trimmed.fastq.gz,0.212587
67,14542.LAB1O5.R2,3D0292A,/qmounts/qiita_data/per_sample_FASTQ/194122/3D0292A_S125_L004_R1_001.trimmed.fastq.gz,/qmounts/qiita_data/per_sample_FASTQ/194122/3D0292A_S125_L004_R2_001.trimmed.fastq.gz,0.192426
68,14542.NOD1S2.R5,3D0830A,/qmounts/qiita_data/per_sample_FASTQ/194122/3D0830A_S74_L004_R1_001.trimmed.fastq.gz,/qmounts/qiita_data/per_sample_FASTQ/194122/3D0830A_S74_L004_R2_001.trimmed.fastq.gz,0.140798
69,14542.NOD3D4.L4,3D0955A,/qmounts/qiita_data/per_sample_FASTQ/194122/3D0955A_S316_L004_R1_001.trimmed.fastq.gz,/qmounts/qiita_data/per_sample_FASTQ/194122/3D0955A_S316_L004_R2_001.trimmed.fastq.gz,0.180751
70,14542.LAB1D1.R1,3D0583A,/qmounts/qiita_data/per_sample_FASTQ/194122/3D0583A_S234_L004_R1_001.trimmed.fastq.gz,/qmounts/qiita_data/per_sample_FASTQ/194122/3D0583A_S234_L004_R2_001.trimmed.fastq.gz,0.229891
71,14542.NOD3F5.L3,3D0942A,/qmounts/qiita_data/per_sample_FASTQ/194122/3D0942A_S88_L004_R1_001.trimmed.fastq.gz,/qmounts/qiita_data/per_sample_FASTQ/194122/3D0942A_S88_L004_R2_001.trimmed.fastq.gz,0.220568
72,14542.NOD3D4.L6,3D0978A,/qmounts/qiita_data/per_sample_FASTQ/194122/3D0978A_S449_L004_R1_001.trimmed.fastq.gz,/qmounts/qiita_data/per_sample_FASTQ/194122/3D0978A_S449_L004_R2_001.trimmed.fastq.gz,0.0787598
73,14542.COL1F1.R2,3D0476A,/qmounts/qiita_data/per_sample_FASTQ/194122/3D0476A_S57_L004_R1_001.trimmed.fastq.gz,/qmounts/qiita_data/per_sample_FASTQ/194122/3D0476A_S57_L004_R2_001.trimmed.fastq.gz,0.192223
74,14542.NOD3F5.R1,3D0904A,/qmounts/qiita_data/per_sample_FASTQ/194122/3D0904A_S446_L004_R1_001.trimmed.fastq.gz,/qmounts/qiita_data/per_sample_FASTQ/194122/3D0904A_S446_L004_R2_001.trimmed.fastq.gz,0.190074
75,14542.NOD3D4.L5,3D0911A,/qmounts/qiita_data/per_sample_FASTQ/194122/3D0911A_S319_L004_R1_001.trimmed.fastq.gz,/qmounts/qiita_data/per_sample_FASTQ/194122/3D0911A_S319_L004_R2_001.trimmed.fastq.gz,0.146802
76,14542.NOD1S2.R3,3D0839A,/qmounts/qiita_data/per_sample_FASTQ/194122/3D0839A_S186_L004_R1_001.trimmed.fastq.gz,/qmounts/qiita_data/per_sample_FASTQ/194122/3D0839A_S186_L004_R2_001.trimmed.fastq.gz,0.252146
77,14542.NOD3F5.L2,3D0919A,/qmounts/qiita_data/per_sample_FASTQ/194122/3D0919A_S464_L004_R1_001.trimmed.fastq.gz,/qmounts/qiita_data/per_sample_FASTQ/194122/3D0919A_S464_L004_R2_001.trimmed.fastq.gz,0.182239
78,14542.NOD3F4.L1,3D0918A,/qmounts/qiita_data/per_sample_FASTQ/194122/3D0918A_S450_L004_R1_001.trimmed.fastq.gz,/qmounts/qiita_data/per_sample_FASTQ/194122/3D0918A_S450_L004_R2_001.trimmed.fastq.gz,0.141413
79,14542.NOD3O2.L8,3D0920A,/qmounts/qiita_data/per_sample_FASTQ/194122/3D0920A_S460_L004_R1_001.trimmed.fastq.gz,/qmounts/qiita_data/per_sample_FASTQ/194122/3D0920A_S460_L004_R2_001.trimmed.fastq.gz,0.254534
80,14542.NOD3A5.R4,3D1341A,/qmounts/qiita_data/per_sample_FASTQ/194122/3D1341A_S391_L004_R1_001.trimmed.fastq.gz,/qmounts/qiita_data/per_sample_FASTQ/194122/3D1341A_S391_L004_R2_001.trimmed.fastq.gz,0.203386
81,14542.NOD3D2.C1,3D0001A,/qmounts/qiita_data/per_sample_FASTQ/194122/3D0001A_S100_L004_R1_001.trimmed.fastq.gz,/qmounts/qiita_data/per_sample_FASTQ/194122/3D0001A_S100_L004_R2_001.trimmed.fastq.gz,0.182686
82,14542.NOD3O5.L3,3D1384A,/qmounts/qiita_data/per_sample_FASTQ/194122/3D1384A_S409_L004_R1_001.trimmed.fastq.gz,/qmounts/qiita_data/per_sample_FASTQ/194122/3D1384A_S409_L004_R2_001.trimmed.fastq.gz,0.187803
83,14542.NOD3A2.R6,3D0986A,/qmounts/qiita_data/per_sample_FASTQ/194122/3D0986A_S451_L004_R1_001.trimmed.fastq.gz,/qmounts/qiita_data/per_sample_FASTQ/194122/3D0986A_S451_L004_R2_001.trimmed.fastq.gz,0.243354
84,14542.COL1F4.L1,3D0471A,/qmounts/qiita_data/per_sample_FASTQ/194122/3D0471A_S274_L004_R1_001.trimmed.fastq.gz,/qmounts/qiita_data/per_sample_FASTQ/194122/3D0471A_S274_L004_R2_001.trimmed.fastq.gz,0.21371
85,14542.NOD2O2.L2,3D0880A,/qmounts/qiita_data/per_sample_FASTQ/194122/3D0880A_S428_L004_R1_001.trimmed.fastq.gz,/qmounts/qiita_data/per_sample_FASTQ/194122/3D0880A_S428_L004_R2_001.trimmed.fastq.gz,0.239916
86,14542.NOD1S4.R6,3D0505A,/qmounts/qiita_data/per_sample_FASTQ/194122/3D0505A_S202_L004_R1_001.trimmed.fastq.gz,/qmounts/qiita_data/per_sample_FASTQ/194122/3D0505A_S202_L004_R2_001.trimmed.fastq.gz,0.203496
87,14542.LAB1S1.R1,3D0504A,/qmounts/qiita_data/per_sample_FASTQ/194122/3D0504A_S126_L004_R1_001.trimmed.fastq.gz,/qmounts/qiita_data/per_sample_FASTQ/194122/3D0504A_S126_L004_R2_001.trimmed.fastq.gz,0.156944
88,14542.COL1F4.R2,3D0500A,/qmounts/qiita_data/per_sample_FASTQ/194122/3D0500A_S215_L004_R1_001.trimmed.fastq.gz,/qmounts/qiita_data/per_sample_FASTQ/194122/3D0500A_S215_L004_R2_001.trimmed.fastq.gz,0.158652
89,14542.LAB1O5.R1,3D0273A,/qmounts/qiita_data/per_sample_FASTQ/194122/3D0273A_S179_L004_R1_001.trimmed.fastq.gz,/qmounts/qiita_data/per_sample_FASTQ/194122/3D0273A_S179_L004_R2_001.trimmed.fastq.gz,0.29174
90,14542.NOD1O4.R1,3D1238A,/qmounts/qiita_data/per_sample_FASTQ/194122/3D1238A_S427_L004_R1_001.trimmed.fastq.gz,/qmounts/qiita_data/per_sample_FASTQ/194122/3D1238A_S427_L004_R2_001.trimmed.fastq.gz,0.2078
91,14542.NOD1S4.R1,3D0526A,/qmounts/qiita_data/per_sample_FASTQ/194122/3D0526A_S370_L004_R1_001.trimmed.fastq.gz,/qmounts/qiita_data/per_sample_FASTQ/194122/3D0526A_S370_L004_R2_001.trimmed.fastq.gz,0.218762
92,14542.A.L1A1.R1,3D1005A,/qmounts/qiita_data/per_sample_FASTQ/194122/3D1005A_S343_L004_R1_001.trimmed.fastq.gz,/qmounts/qiita_data/per_sample_FASTQ/194122/3D1005A_S343_L004_R2_001.trimmed.fastq.gz,0.215457
93,14542.PMM1P1.R1,3D0370A,/qmounts/qiita_data/per_sample_FASTQ/194122/3D0370A_S152_L004_R1_001.trimmed.fastq.gz,/qmounts/qiita_data/per_sample_FASTQ/194122/3D0370A_S152_L004_R2_001.trimmed.fastq.gz,0.216124
94,14542.NOD2S4.R6,3D0855A,/qmounts/qiita_data/per_sample_FASTQ/194122/3D0855A_S83_L004_R1_001.trimmed.fastq.gz,/qmounts/qiita_data/per_sample_FASTQ/194122/3D0855A_S83_L004_R2_001.trimmed.fastq.gz,0.438921
95,14542.PMM1P1.R6,3D1013A,/qmounts/qiita_data/per_sample_FASTQ/194122/3D1013A_S156_L004_R1_001.trimmed.fastq.gz,/qmounts/qiita_data/per_sample_FASTQ/194122/3D1013A_S156_L004_R2_001.trimmed.fastq.gz,0.157659
96,14542.NOD2O2.R1,3D0941A,/qmounts/qiita_data/per_sample_FASTQ/194122/3D0941A_S76_L004_R1_001.trimmed.fastq.gz,/qmounts/qiita_data/per_sample_FASTQ/194122/3D0941A_S76_L004_R2_001.trimmed.fastq.gz,0.195721
97,14542.NOD2O2.L4,3D0851A,/qmounts/qiita_data/per_sample_FASTQ/194122/3D0851A_S187_L004_R1_001.trimmed.fastq.gz,/qmounts/qiita_data/per_sample_FASTQ/194122/3D0851A_S187_L004_R2_001.trimmed.fastq.gz,0.13667
98,14542.PMM1D1.L3,3D1021A,/qmounts/qiita_data/per_sample_FASTQ/194122/3D1021A_S323_L004_R1_001.trimmed.fastq.gz,/qmounts/qiita_data/per_sample_FASTQ/194122/3D1021A_S323_L004_R2_001.trimmed.fastq.gz,0.339502
99,14542.JPM1F4.L1,3D0346A,/qmounts/qiita_data/per_sample_FASTQ/194122/3D0346A_S279_L004_R1_001.trimmed.fastq.gz,/qmounts/qiita_data/per_sample_FASTQ/194122/3D0346A_S279_L004_R2_001.trimmed.fastq.gz,0.151617
100,14542.NOD1S4.R9,3D0545A,/qmounts/qiita_data/per_sample_FASTQ/194122/3D0545A_S312_L004_R1_001.trimmed.fastq.gz,/qmounts/qiita_data/per_sample_FASTQ/194122/3D0545A_S312_L004_R2_001.trimmed.fastq.gz,0.214728
101,14542.NOD2D2.L5,3D0960A,/qmounts/qiita_data/per_sample_FASTQ/194122/3D0960A_S246_L004_R1_001.trimmed.fastq.gz,/qmounts/qiita_data/per_sample_FASTQ/194122/3D0960A_S246_L004_R2_001.trimmed.fastq.gz,0.138366
102,14542.NOD3F5.L7,3D0910A,/qmounts/qiita_data/per_sample_FASTQ/194122/3D0910A_S204_L004_R1_001.trimmed.fastq.gz,/qmounts/qiita_data/per_sample_FASTQ/194122/3D0910A_S204_L004_R2_001.trimmed.fastq.gz,0.167406
103,14542.JPM1F1.R1,3D1490A,/qmounts/qiita_data/per_sample_FASTQ/194122/3D1490A_S417_L004_R1_001.trimmed.fastq.gz,/qmounts/qiita_data/per_sample_FASTQ/194122/3D1490A_S417_L004_R2_001.trimmed.fastq.gz,0.0684077
104,14542.COL1D2.R2,3D0456A,/qmounts/qiita_data/per_sample_FASTQ/194122/3D0456A_S414_L004_R1_001.trimmed.fastq.gz,/qmounts/qiita_data/per_sample_FASTQ/194122/3D0456A_S414_L004_R2_001.trimmed.fastq.gz,0.15369
105,14542.NOD3O2.R11,3D0990A,/qmounts/qiita_data/per_sample_FASTQ/194122/3D0990A_S462_L004_R1_001.trimmed.fastq.gz,/qmounts/qiita_data/per_sample_FASTQ/194122/3D0990A_S462_L004_R2_001.trimmed.fastq.gz,0.262677
106,14542.COL1F4.R1,3D0485A,/qmounts/qiita_data/per_sample_FASTQ/194122/3D0485A_S161_L004_R1_001.trimmed.fastq.gz,/qmounts/qiita_data/per_sample_FASTQ/194122/3D0485A_S161_L004_R2_001.trimmed.fastq.gz,0.209867
107,14542.PMM1O1.R2,3D0380A,/qmounts/qiita_data/per_sample_FASTQ/194122/3D0380A_S325_L004_R1_001.trimmed.fastq.gz,/qmounts/qiita_data/per_sample_FASTQ/194122/3D0380A_S325_L004_R2_001.trimmed.fastq.gz,0.216073
108,14542.NOD1S4.L5,3D1223A,/qmounts/qiita_data/per_sample_FASTQ/194122/3D1223A_S440_L004_R1_001.trimmed.fastq.gz,/qmounts/qiita_data/per_sample_FASTQ/194122/3D1223A_S440_L004_R2_001.trimmed.fastq.gz,0.191714
109,14542.NOD3F2.L7,3D1308A,/qmounts/qiita_data/per_sample_FASTQ/194122/3D1308A_S85_L004_R1_001.trimmed.fastq.gz,/qmounts/qiita_data/per_sample_FASTQ/194122/3D1308A_S85_L004_R2_001.trimmed.fastq.gz,0.249109
110,14542.JLP1A1.R2,3D1491A,/qmounts/qiita_data/per_sample_FASTQ/194122/3D1491A_S112_L004_R1_001.trimmed.fastq.gz,/qmounts/qiita_data/per_sample_FASTQ/194122/3D1491A_S112_L004_R2_001.trimmed.fastq.gz,0.0731534
111,14542.NOD3F2.R1,3D1322A,/qmounts/qiita_data/per_sample_FASTQ/194122/3D1322A_S386_L004_R1_001.trimmed.fastq.gz,/qmounts/qiita_data/per_sample_FASTQ/194122/3D1322A_S386_L004_R2_001.trimmed.fastq.gz,0.228221
112,14542.PMM1S1.L3,3D1028A,/qmounts/qiita_data/per_sample_FASTQ/194122/3D1028A_S405_L004_R1_001.trimmed.fastq.gz,/qmounts/qiita_data/per_sample_FASTQ/194122/3D1028A_S405_L004_R2_001.trimmed.fastq.gz,0.219717
113,14542.NOD1P4.R6,3D1294A,/qmounts/qiita_data/per_sample_FASTQ/194122/3D1294A_S435_L004_R1_001.trimmed.fastq.gz,/qmounts/qiita_data/per_sample_FASTQ/194122/3D1294A_S435_L004_R2_001.trimmed.fastq.gz,0.223964
114,14542.NOD1O4.R7,3D1269A,/qmounts/qiita_data/per_sample_FASTQ/194122/3D1269A_S128_L004_R1_001.trimmed.fastq.gz,/qmounts/qiita_data/per_sample_FASTQ/194122/3D1269A_S128_L004_R2_001.trimmed.fastq.gz,0.209507
115,14542.NOD2O4.R2,3D0859A,/qmounts/qiita_data/per_sample_FASTQ/194122/3D0859A_S433_L004_R1_001.trimmed.fastq.gz,/qmounts/qiita_data/per_sample_FASTQ/194122/3D0859A_S433_L004_R2_001.trimmed.fastq.gz,0.216357
116,14542.NOD1P2.L1,3D0595A,/qmounts/qiita_data/per_sample_FASTQ/194122/3D0595A_S372_L004_R1_001.trimmed.fastq.gz,/qmounts/qiita_data/per_sample_FASTQ/194122/3D0595A_S372_L004_R2_001.trimmed.fastq.gz,0.191277
117,14542.NOD3D4.L1,3D0935A,/qmounts/qiita_data/per_sample_FASTQ/194122/3D0935A_S38_L004_R1_001.trimmed.fastq.gz,/qmounts/qiita_data/per_sample_FASTQ/194122/3D0935A_S38_L004_R2_001.trimmed.fastq.gz,0.175513
118,14542.JPM1O3.L2,3D0952A,/qmounts/qiita_data/per_sample_FASTQ/194122/3D0952A_S351_L004_R1_001.trimmed.fastq.gz,/qmounts/qiita_data/per_sample_FASTQ/194122/3D0952A_S351_L004_R2_001.trimmed.fastq.gz,0.178906
119,14542.NOD3O2.R10,3D0991A,/qmounts/qiita_data/per_sample_FASTQ/194122/3D0991A_S157_L004_R1_001.trimmed.fastq.gz,/qmounts/qiita_data/per_sample_FASTQ/194122/3D0991A_S157_L004_R2_001.trimmed.fastq.gz,0.129645
120,14542.NOD3A5.L3,3D1359A,/qmounts/qiita_data/per_sample_FASTQ/194122/3D1359A_S318_L004_R1_001.trimmed.fastq.gz,/qmounts/qiita_data/per_sample_FASTQ/194122/3D1359A_S318_L004_R2_001.trimmed.fastq.gz,0.232417
121,14542.NOD3O5.R6,3D1314A,/qmounts/qiita_data/per_sample_FASTQ/194122/3D1314A_S321_L004_R1_001.trimmed.fastq.gz,/qmounts/qiita_data/per_sample_FASTQ/194122/3D1314A_S321_L004_R2_001.trimmed.fastq.gz,0.243795
122,14542.NOD3O5.R2,3D1372A,/qmounts/qiita_data/per_sample_FASTQ/194122/3D1372A_S385_L004_R1_001.trimmed.fastq.gz,/qmounts/qiita_data/per_sample_FASTQ/194122/3D1372A_S385_L004_R2_001.trimmed.fastq.gz,0.220769
123,14542.JLP1F1.L2,3D1423A,/qmounts/qiita_data/per_sample_FASTQ/194122/3D1423A_S280_L004_R1_001.trimmed.fastq.gz,/qmounts/qiita_data/per_sample_FASTQ/194122/3D1423A_S280_L004_R2_001.trimmed.fastq.gz,0.132993
124,14542.NOD1S4.R10,3D0593A,/qmounts/qiita_data/per_sample_FASTQ/194122/3D0593A_S302_L004_R1_001.trimmed.fastq.gz,/qmounts/qiita_data/per_sample_FASTQ/194122/3D0593A_S302_L004_R2_001.trimmed.fastq.gz,0.199069
125,14542.NOD3O2.L10,3D0948A,/qmounts/qiita_data/per_sample_FASTQ/194122/3D0948A_S43_L004_R1_001.trimmed.fastq.gz,/qmounts/qiita_data/per_sample_FASTQ/194122/3D0948A_S43_L004_R2_001.trimmed.fastq.gz,0.196985
126,14542.NOD3O5.R4,3D1350A,/qmounts/qiita_data/per_sample_FASTQ/194122/3D1350A_S403_L004_R1_001.trimmed.fastq.gz,/qmounts/qiita_data/per_sample_FASTQ/194122/3D1350A_S403_L004_R2_001.trimmed.fastq.gz,0.175846
127,14542.NOD1P4.R8,3D1287A,/qmounts/qiita_data/per_sample_FASTQ/194122/3D1287A_S35_L004_R1_001.trimmed.fastq.gz,/qmounts/qiita_data/per_sample_FASTQ/194122/3D1287A_S35_L004_R2_001.trimmed.fastq.gz,0.282914
128,14542.NOD3A2.L2,3D0403A,/qmounts/qiita_data/per_sample_FASTQ/194122/3D0403A_S247_L004_R1_001.trimmed.fastq.gz,/qmounts/qiita_data/per_sample_FASTQ/194122/3D0403A_S247_L004_R2_001.trimmed.fastq.gz,0.140014
129,14542.NOD3A5.L5,3D1386A,/qmounts/qiita_data/per_sample_FASTQ/194122/3D1386A_S92_L004_R1_001.trimmed.fastq.gz,/qmounts/qiita_data/per_sample_FASTQ/194122/3D1386A_S92_L004_R2_001.trimmed.fastq.gz,0.16233
130,14542.NOD3O5.R3,3D1306A,/qmounts/qiita_data/per_sample_FASTQ/194122/3D1306A_S212_L004_R1_001.trimmed.fastq.gz,/qmounts/qiita_data/per_sample_FASTQ/194122/3D1306A_S212_L004_R2_001.trimmed.fastq.gz,0.191438
131,14542.NOD3F4.R1,3D0989A,/qmounts/qiita_data/per_sample_FASTQ/194122/3D0989A_S52_L004_R1_001.trimmed.fastq.gz,/qmounts/qiita_data/per_sample_FASTQ/194122/3D0989A_S52_L004_R2_001.trimmed.fastq.gz,0.230889
132,14542.LAB1S6.L2.,3D0226A,/qmounts/qiita_data/per_sample_FASTQ/194122/3D0226A_S123_L004_R1_001.trimmed.fastq.gz,/qmounts/qiita_data/per_sample_FASTQ/194122/3D0226A_S123_L004_R2_001.trimmed.fastq.gz,0.168742
133,14542.NOD3O5.L4,3D1362A,/qmounts/qiita_data/per_sample_FASTQ/194122/3D1362A_S49_L004_R1_001.trimmed.fastq.gz,/qmounts/qiita_data/per_sample_FASTQ/194122/3D1362A_S49_L004_R2_001.trimmed.fastq.gz,0.192654
134,14542.PMM1O1.L7,3D0375A,/qmounts/qiita_data/per_sample_FASTQ/194122/3D0375A_S404_L004_R1_001.trimmed.fastq.gz,/qmounts/qiita_data/per_sample_FASTQ/194122/3D0375A_S404_L004_R2_001.trimmed.fastq.gz,0.226573
135,14542.PMM1D1.L2,3D1030A,/qmounts/qiita_data/per_sample_FASTQ/194122/3D1030A_S93_L004_R1_001.trimmed.fastq.gz,/qmounts/qiita_data/per_sample_FASTQ/194122/3D1030A_S93_L004_R2_001.trimmed.fastq.gz,0.333154
136,14542.NOD3A5.L6,3D1323A,/qmounts/qiita_data/per_sample_FASTQ/194122/3D1323A_S389_L004_R1_001.trimmed.fastq.gz,/qmounts/qiita_data/per_sample_FASTQ/194122/3D1323A_S389_L004_R2_001.trimmed.fastq.gz,0.252131
137,14542.NOD1O4.R6,3D1241A,/qmounts/qiita_data/per_sample_FASTQ/194122/3D1241A_S183_L004_R1_001.trimmed.fastq.gz,/qmounts/qiita_data/per_sample_FASTQ/194122/3D1241A_S183_L004_R2_001.trimmed.fastq.gz,0.216091
138,14542.NOD3D5.L3,3D1368A,/qmounts/qiita_data/per_sample_FASTQ/194122/3D1368A_S144_L004_R1_001.trimmed.fastq.gz,/qmounts/qiita_data/per_sample_FASTQ/194122/3D1368A_S144_L004_R2_001.trimmed.fastq.gz,0.210689
139,14542.NOD1S4.R5,3D0567A,/qmounts/qiita_data/per_sample_FASTQ/194122/3D0567A_S375_L004_R1_001.trimmed.fastq.gz,/qmounts/qiita_data/per_sample_FASTQ/194122/3D0567A_S375_L004_R2_001.trimmed.fastq.gz,0.202435
140,14542.PMM1O1.L4,3D0348A,/qmounts/qiita_data/per_sample_FASTQ/194122/3D0348A_S145_L004_R1_001.trimmed.fastq.gz,/qmounts/qiita_data/per_sample_FASTQ/194122/3D0348A_S145_L004_R2_001.trimmed.fastq.gz,0.192018
141,14542.NOD2O2.L3,3D0843A,/qmounts/qiita_data/per_sample_FASTQ/194122/3D0843A_S430_L004_R1_001.trimmed.fastq.gz,/qmounts/qiita_data/per_sample_FASTQ/194122/3D0843A_S430_L004_R2_001.trimmed.fastq.gz,0.201282
142,14542.JPM1F6.R1,3D0391A,/qmounts/qiita_data/per_sample_FASTQ/194122/3D0391A_S350_L004_R1_001.trimmed.fastq.gz,/qmounts/qiita_data/per_sample_FASTQ/194122/3D0391A_S350_L004_R2_001.trimmed.fastq.gz,0.484943
143,14542.NOD3F4.L3,3D0983A,/qmounts/qiita_data/per_sample_FASTQ/194122/3D0983A_S50_L004_R1_001.trimmed.fastq.gz,/qmounts/qiita_data/per_sample_FASTQ/194122/3D0983A_S50_L004_R2_001.trimmed.fastq.gz,0.230069
144,14542.NOD1O4.R8,3D1285A,/qmounts/qiita_data/per_sample_FASTQ/194122/3D1285A_S23_L004_R1_001.trimmed.fastq.gz,/qmounts/qiita_data/per_sample_FASTQ/194122/3D1285A_S23_L004_R2_001.trimmed.fastq.gz,0.228873
145,14542.NOD2S4.R5,3D0869A,/qmounts/qiita_data/per_sample_FASTQ/194122/3D0869A_S30_L004_R1_001.trimmed.fastq.gz,/qmounts/qiita_data/per_sample_FASTQ/194122/3D0869A_S30_L004_R2_001.trimmed.fastq.gz,0.275128
146,14542.NOD1P2.L3,3D0503A,/qmounts/qiita_data/per_sample_FASTQ/194122/3D0503A_S378_L004_R1_001.trimmed.fastq.gz,/qmounts/qiita_data/per_sample_FASTQ/194122/3D0503A_S378_L004_R2_001.trimmed.fastq.gz,0.320673
147,14542.NOD1S2.R7,3D0852A,/qmounts/qiita_data/per_sample_FASTQ/194122/3D0852A_S133_L004_R1_001.trimmed.fastq.gz,/qmounts/qiita_data/per_sample_FASTQ/194122/3D0852A_S133_L004_R2_001.trimmed.fastq.gz,0.190802
148,14542.NOD1D4.L6,3D1271A,/qmounts/qiita_data/per_sample_FASTQ/194122/3D1271A_S292_L004_R1_001.trimmed.fastq.gz,/qmounts/qiita_data/per_sample_FASTQ/194122/3D1271A_S292_L004_R2_001.trimmed.fastq.gz,0.251031
149,14542.LAB1P4.R1,3D0275A,/qmounts/qiita_data/per_sample_FASTQ/194122/3D0275A_S237_L004_R1_001.trimmed.fastq.gz,/qmounts/qiita_data/per_sample_FASTQ/194122/3D0275A_S237_L004_R2_001.trimmed.fastq.gz,0.271082
150,14542.NOD2O2.R3,3D0258A,/qmounts/qiita_data/per_sample_FASTQ/194122/3D0258A_S307_L004_R1_001.trimmed.fastq.gz,/qmounts/qiita_data/per_sample_FASTQ/194122/3D0258A_S307_L004_R2_001.trimmed.fastq.gz,0.198794
151,14542.NOD2P2.L1,3D0982A,/qmounts/qiita_data/per_sample_FASTQ/194122/3D0982A_S24_L004_R1_001.trimmed.fastq.gz,/qmounts/qiita_data/per_sample_FASTQ/194122/3D0982A_S24_L004_R2_001.trimmed.fastq.gz,0.300877
152,14542.NOD2O4.R5,3D0876A,/qmounts/qiita_data/per_sample_FASTQ/194122/3D0876A_S436_L004_R1_001.trimmed.fastq.gz,/qmounts/qiita_data/per_sample_FASTQ/194122/3D0876A_S436_L004_R2_001.trimmed.fastq.gz,0.173752
153,14542.JPM1O4.L1,3D0973A,/qmounts/qiita_data/per_sample_FASTQ/194122/3D0973A_S356_L004_R1_001.trimmed.fastq.gz,/qmounts/qiita_data/per_sample_FASTQ/194122/3D0973A_S356_L004_R2_001.trimmed.fastq.gz,0.262405
154,14542.NOD2O4.L1,3D0888A,/qmounts/qiita_data/per_sample_FASTQ/194122/3D0888A_S311_L004_R1_001.trimmed.fastq.gz,/qmounts/qiita_data/per_sample_FASTQ/194122/3D0888A_S311_L004_R2_001.trimmed.fastq.gz,0.179446
155,14542.LAB1P2.L1,3D0213A,/qmounts/qiita_data/per_sample_FASTQ/194122/3D0213A_S244_L004_R1_001.trimmed.fastq.gz,/qmounts/qiita_data/per_sample_FASTQ/194122/3D0213A_S244_L004_R2_001.trimmed.fastq.gz,0.112252
156,14542.NOD2O4.L2,3D0900A,/qmounts/qiita_data/per_sample_FASTQ/194122/3D0900A_S439_L004_R1_001.trimmed.fastq.gz,/qmounts/qiita_data/per_sample_FASTQ/194122/3D0900A_S439_L004_R2_001.trimmed.fastq.gz,0.269941
157,14542.NOD3A5.R6,3D1310A,/qmounts/qiita_data/per_sample_FASTQ/194122/3D1310A_S98_L004_R1_001.trimmed.fastq.gz,/qmounts/qiita_data/per_sample_FASTQ/194122/3D1310A_S98_L004_R2_001.trimmed.fastq.gz,0.145769
158,14542.JPM1O3.R2,3D0266A,/qmounts/qiita_data/per_sample_FASTQ/194122/3D0266A_S13_L004_R1_001.trimmed.fastq.gz,/qmounts/qiita_data/per_sample_FASTQ/194122/3D0266A_S13_L004_R2_001.trimmed.fastq.gz,0.150117
159,14542.PMM1S1.L6,3D1029A,/qmounts/qiita_data/per_sample_FASTQ/194122/3D1029A_S210_L004_R1_001.trimmed.fastq.gz,/qmounts/qiita_data/per_sample_FASTQ/194122/3D1029A_S210_L004_R2_001.trimmed.fastq.gz,0.209095
160,14542.NOD3A5.R1,3D1336A,/qmounts/qiita_data/per_sample_FASTQ/194122/3D1336A_S42_L004_R1_001.trimmed.fastq.gz,/qmounts/qiita_data/per_sample_FASTQ/194122/3D1336A_S42_L004_R2_001.trimmed.fastq.gz,0.239336
161,14542.JLP1P1.R2,3D1436A,/qmounts/qiita_data/per_sample_FASTQ/194122/3D1436A_S58_L004_R1_001.trimmed.fastq.gz,/qmounts/qiita_data/per_sample_FASTQ/194122/3D1436A_S58_L004_R2_001.trimmed.fastq.gz,0.0705166
162,14542.JPM1A6.R1,3D0362A,/qmounts/qiita_data/per_sample_FASTQ/194122/3D0362A_S411_L004_R1_001.trimmed.fastq.gz,/qmounts/qiita_data/per_sample_FASTQ/194122/3D0362A_S411_L004_R2_001.trimmed.fastq.gz,0.212016
163,14542.JLP1A1.L2,3D1467A,/qmounts/qiita_data/per_sample_FASTQ/194122/3D1467A_S218_L004_R1_001.trimmed.fastq.gz,/qmounts/qiita_data/per_sample_FASTQ/194122/3D1467A_S218_L004_R2_001.trimmed.fastq.gz,0.0693057
164,14542.NOD2D4.L5,3D0872A,/qmounts/qiita_data/per_sample_FASTQ/194122/3D0872A_S426_L004_R1_001.trimmed.fastq.gz,/qmounts/qiita_data/per_sample_FASTQ/194122/3D0872A_S426_L004_R2_001.trimmed.fastq.gz,0.331295
165,14542.NOD1O4.R3,3D1293A,/qmounts/qiita_data/per_sample_FASTQ/194122/3D1293A_S28_L004_R1_001.trimmed.fastq.gz,/qmounts/qiita_data/per_sample_FASTQ/194122/3D1293A_S28_L004_R2_001.trimmed.fastq.gz,0.54648
166,14542.JPM1O5.L1,3D0381A,/qmounts/qiita_data/per_sample_FASTQ/194122/3D0381A_S176_L004_R1_001.trimmed.fastq.gz,/qmounts/qiita_data/per_sample_FASTQ/194122/3D0381A_S176_L004_R2_001.trimmed.fastq.gz,0.168923
167,14542.NOD3D2.L2,3D1080A,/qmounts/qiita_data/per_sample_FASTQ/194122/3D1080A_S197_L004_R1_001.trimmed.fastq.gz,/qmounts/qiita_data/per_sample_FASTQ/194122/3D1080A_S197_L004_R2_001.trimmed.fastq.gz,0.219034
168,14542.NOD3D5.L6,3D1394A,/qmounts/qiita_data/per_sample_FASTQ/194122/3D1394A_S454_L004_R1_001.trimmed.fastq.gz,/qmounts/qiita_data/per_sample_FASTQ/194122/3D1394A_S454_L004_R2_001.trimmed.fastq.gz,0.164632
169,14542.LAB1O6.L2,3D0477A,/qmounts/qiita_data/per_sample_FASTQ/194122/3D0477A_S184_L004_R1_001.trimmed.fastq.gz,/qmounts/qiita_data/per_sample_FASTQ/194122/3D0477A_S184_L004_R2_001.trimmed.fastq.gz,0.20635
170,14542.NOD2D2.R4,3D1366A,/qmounts/qiita_data/per_sample_FASTQ/194122/3D1366A_S248_L004_R1_001.trimmed.fastq.gz,/qmounts/qiita_data/per_sample_FASTQ/194122/3D1366A_S248_L004_R2_001.trimmed.fastq.gz,0.196364
171,14542.NOD1O4.L5,3D1234A,/qmounts/qiita_data/per_sample_FASTQ/194122/3D1234A_S290_L004_R1_001.trimmed.fastq.gz,/qmounts/qiita_data/per_sample_FASTQ/194122/3D1234A_S290_L004_R2_001.trimmed.fastq.gz,0.160881
172,14542.NOD1S4.L4,3D1280A,/qmounts/qiita_data/per_sample_FASTQ/194122/3D1280A_S438_L004_R1_001.trimmed.fastq.gz,/qmounts/qiita_data/per_sample_FASTQ/194122/3D1280A_S438_L004_R2_001.trimmed.fastq.gz,0.197692
173,14542.COL1O3.L1,3D0494A,/qmounts/qiita_data/per_sample_FASTQ/194122/3D0494A_S277_L004_R1_001.trimmed.fastq.gz,/qmounts/qiita_data/per_sample_FASTQ/194122/3D0494A_S277_L004_R2_001.trimmed.fastq.gz,0.147567
174,14542.NOD1P4.L7,3D1298A,/qmounts/qiita_data/per_sample_FASTQ/194122/3D1298A_S364_L004_R1_001.trimmed.fastq.gz,/qmounts/qiita_data/per_sample_FASTQ/194122/3D1298A_S364_L004_R2_001.trimmed.fastq.gz,0.204593
175,14542.NOD3D2.R4,3D1380A,/qmounts/qiita_data/per_sample_FASTQ/194122/3D1380A_S37_L004_R1_001.trimmed.fastq.gz,/qmounts/qiita_data/per_sample_FASTQ/194122/3D1380A_S37_L004_R2_001.trimmed.fastq.gz,0.318089
176,14542.LAB1O2.L2,3D0219A,/qmounts/qiita_data/per_sample_FASTQ/194122/3D0219A_S355_L004_R1_001.trimmed.fastq.gz,/qmounts/qiita_data/per_sample_FASTQ/194122/3D0219A_S355_L004_R2_001.trimmed.fastq.gz,0.187966
177,14542.NOD3D5.R5,3D1377A,/qmounts/qiita_data/per_sample_FASTQ/194122/3D1377A_S326_L004_R1_001.trimmed.fastq.gz,/qmounts/qiita_data/per_sample_FASTQ/194122/3D1377A_S326_L004_R2_001.trimmed.fastq.gz,0.174785
178,14542.NOD3O2.R8,3D0997A,/qmounts/qiita_data/per_sample_FASTQ/194122/3D0997A_S330_L004_R1_001.trimmed.fastq.gz,/qmounts/qiita_data/per_sample_FASTQ/194122/3D0997A_S330_L004_R2_001.trimmed.fastq.gz,0.291012
179,14542.NOD3F5.L1,3D0927A,/qmounts/qiita_data/per_sample_FASTQ/194122/3D0927A_S327_L004_R1_001.trimmed.fastq.gz,/qmounts/qiita_data/per_sample_FASTQ/194122/3D0927A_S327_L004_R2_001.trimmed.fastq.gz,0.170034
180,14542.COL1F3.R1,3D0428A,/qmounts/qiita_data/per_sample_FASTQ/194122/3D0428A_S62_L004_R1_001.trimmed.fastq.gz,/qmounts/qiita_data/per_sample_FASTQ/194122/3D0428A_S62_L004_R2_001.trimmed.fastq.gz,0.14173
181,14542.JPM1O5.L2,3D0376A,/qmounts/qiita_data/per_sample_FASTQ/194122/3D0376A_S291_L004_R1_001.trimmed.fastq.gz,/qmounts/qiita_data/per_sample_FASTQ/194122/3D0376A_S291_L004_R2_001.trimmed.fastq.gz,0.175885
182,14542.NOD3O2.R14,3D0977A,/qmounts/qiita_data/per_sample_FASTQ/194122/3D0977A_S143_L004_R1_001.trimmed.fastq.gz,/qmounts/qiita_data/per_sample_FASTQ/194122/3D0977A_S143_L004_R2_001.trimmed.fastq.gz,0.185352
183,14542.NOD3A4.L2,3D1346A,/qmounts/qiita_data/per_sample_FASTQ/194122/3D1346A_S393_L004_R1_001.trimmed.fastq.gz,/qmounts/qiita_data/per_sample_FASTQ/194122/3D1346A_S393_L004_R2_001.trimmed.fastq.gz,0.262605
184,14542.LAB1S5.R1,3D0296A,/qmounts/qiita_data/per_sample_FASTQ/194122/3D0296A_S180_L004_R1_001.trimmed.fastq.gz,/qmounts/qiita_data/per_sample_FASTQ/194122/3D0296A_S180_L004_R2_001.trimmed.fastq.gz,0.146072
185,14542.JPM1A5.L1,3D0374A,/qmounts/qiita_data/per_sample_FASTQ/194122/3D0374A_S339_L004_R1_001.trimmed.fastq.gz,/qmounts/qiita_data/per_sample_FASTQ/194122/3D0374A_S339_L004_R2_001.trimmed.fastq.gz,0.367945
186,14542.JPM1F5.L2,3D0363A,/qmounts/qiita_data/per_sample_FASTQ/194122/3D0363A_S116_L004_R1_001.trimmed.fastq.gz,/qmounts/qiita_data/per_sample_FASTQ/194122/3D0363A_S116_L004_R2_001.trimmed.fastq.gz,0.158984
187,14542.LAB1D3.R1,3D0231A,/qmounts/qiita_data/per_sample_FASTQ/194122/3D0231A_S21_L004_R1_001.trimmed.fastq.gz,/qmounts/qiita_data/per_sample_FASTQ/194122/3D0231A_S21_L004_R2_001.trimmed.fastq.gz,0.23874
188,14542.NOD3F4.R5,3D0993A,/qmounts/qiita_data/per_sample_FASTQ/194122/3D0993A_S199_L004_R1_001.trimmed.fastq.gz,/qmounts/qiita_data/per_sample_FASTQ/194122/3D0993A_S199_L004_R2_001.trimmed.fastq.gz,0.268816
189,14542.JLP1A1.L1,3D1494A,/qmounts/qiita_data/per_sample_FASTQ/194122/3D1494A_S216_L004_R1_001.trimmed.fastq.gz,/qmounts/qiita_data/per_sample_FASTQ/194122/3D1494A_S216_L004_R2_001.trimmed.fastq.gz,0.0378957
190,14542.NOD1O4.L9,3D1254A,/qmounts/qiita_data/per_sample_FASTQ/194122/3D1254A_S366_L004_R1_001.trimmed.fastq.gz,/qmounts/qiita_data/per_sample_FASTQ/194122/3D1254A_S366_L004_R2_001.trimmed.fastq.gz,0.210121
191,14542.JLP1S1.R1,3D1473A,/qmounts/qiita_data/per_sample_FASTQ/194122/3D1473A_S7_L004_R1_001.trimmed.fastq.gz,/qmounts/qiita_data/per_sample_FASTQ/194122/3D1473A_S7_L004_R2_001.trimmed.fastq.gz,0.203034
192,14542.PMM1S1.R8,3D0404A,/qmounts/qiita_data/per_sample_FASTQ/194122/3D0404A_S331_L004_R1_001.trimmed.fastq.gz,/qmounts/qiita_data/per_sample_FASTQ/194122/3D0404A_S331_L004_R2_001.trimmed.fastq.gz,0.197337
193,14542.NOD1P2.L2,3D0589A,/qmounts/qiita_data/per_sample_FASTQ/194122/3D0589A_S79_L004_R1_001.trimmed.fastq.gz,/qmounts/qiita_data/per_sample_FASTQ/194122/3D0589A_S79_L004_R2_001.trimmed.fastq.gz,0.18047
194,14542.NOD3D4.R4,3D0907A,/qmounts/qiita_data/per_sample_FASTQ/194122/3D0907A_S91_L004_R1_001.trimmed.fastq.gz,/qmounts/qiita_data/per_sample_FASTQ/194122/3D0907A_S91_L004_R2_001.trimmed.fastq.gz,0.208636
195,14542.PMM1D1.L1,3D0453A,/qmounts/qiita_data/per_sample_FASTQ/194122/3D0453A_S146_L004_R1_001.trimmed.fastq.gz,/qmounts/qiita_data/per_sample_FASTQ/194122/3D0453A_S146_L004_R2_001.trimmed.fastq.gz,0.295172
196,14542.PMM1D1.L8,3D1211A,/qmounts/qiita_data/per_sample_FASTQ/194122/3D1211A_S44_L004_R1_001.trimmed.fastq.gz,/qmounts/qiita_data/per_sample_FASTQ/194122/3D1211A_S44_L004_R2_001.trimmed.fastq.gz,0.216682
197,14542.NOD1P2.R5,3D0512A,/qmounts/qiita_data/per_sample_FASTQ/194122/3D0512A_S369_L004_R1_001.trimmed.fastq.gz,/qmounts/qiita_data/per_sample_FASTQ/194122/3D0512A_S369_L004_R2_001.trimmed.fastq.gz,0.215615
198,14542.NOD1P4.R2,3D1295A,/qmounts/qiita_data/per_sample_FASTQ/194122/3D1295A_S368_L004_R1_001.trimmed.fastq.gz,/qmounts/qiita_data/per_sample_FASTQ/194122/3D1295A_S368_L004_R2_001.trimmed.fastq.gz,0.321137
199,14542.NOD3A2.R7,3D0951A,/qmounts/qiita_data/per_sample_FASTQ/194122/3D0951A_S198_L004_R1_001.trimmed.fastq.gz,/qmounts/qiita_data/per_sample_FASTQ/194122/3D0951A_S198_L004_R2_001.trimmed.fastq.gz,0.190518
200,14542.NOD3A2.L6,3D1010A,/qmounts/qiita_data/per_sample_FASTQ/194122/3D1010A_S252_L004_R1_001.trimmed.fastq.gz,/qmounts/qiita_data/per_sample_FASTQ/194122/3D1010A_S252_L004_R2_001.trimmed.fastq.gz,0.18392
201,14542.JPM1F6.L2,3D0354A,/qmounts/qiita_data/per_sample_FASTQ/194122/3D0354A_S285_L004_R1_001.trimmed.fastq.gz,/qmounts/qiita_data/per_sample_FASTQ/194122/3D0354A_S285_L004_R2_001.trimmed.fastq.gz,0.225402
202,14542.JLP1P1.L3,3D1428A,/qmounts/qiita_data/per_sample_FASTQ/194122/3D1428A_S236_L004_R1_001.trimmed.fastq.gz,/qmounts/qiita_data/per_sample_FASTQ/194122/3D1428A_S236_L004_R2_001.trimmed.fastq.gz,0.082343
203,14542.NOD3D4.R3,3D0903A,/qmounts/qiita_data/per_sample_FASTQ/194122/3D0903A_S203_L004_R1_001.trimmed.fastq.gz,/qmounts/qiita_data/per_sample_FASTQ/194122/3D0903A_S203_L004_R2_001.trimmed.fastq.gz,0.227102
204,14542.NOD3A2.L5,3D1027A,/qmounts/qiita_data/per_sample_FASTQ/194122/3D1027A_S194_L004_R1_001.trimmed.fastq.gz,/qmounts/qiita_data/per_sample_FASTQ/194122/3D1027A_S194_L004_R2_001.trimmed.fastq.gz,0.223161
205,14542.NOD3O4.R5,3D0937A,/qmounts/qiita_data/per_sample_FASTQ/194122/3D0937A_S407_L004_R1_001.trimmed.fastq.gz,/qmounts/qiita_data/per_sample_FASTQ/194122/3D0937A_S407_L004_R2_001.trimmed.fastq.gz,0.246761
206,14542.NOD2P2.R3,3D0280A,/qmounts/qiita_data/per_sample_FASTQ/194122/3D0280A_S135_L004_R1_001.trimmed.fastq.gz,/qmounts/qiita_data/per_sample_FASTQ/194122/3D0280A_S135_L004_R2_001.trimmed.fastq.gz,0.182484
207,14542.JPM1O4.L2,3D1328A,/qmounts/qiita_data/per_sample_FASTQ/194122/3D1328A_S235_L004_R1_001.trimmed.fastq.gz,/qmounts/qiita_data/per_sample_FASTQ/194122/3D1328A_S235_L004_R2_001.trimmed.fastq.gz,0.148597
208,14542.NOD1P2.R2,3D0554A,/qmounts/qiita_data/per_sample_FASTQ/194122/3D0554A_S84_L004_R1_001.trimmed.fastq.gz,/qmounts/qiita_data/per_sample_FASTQ/194122/3D0554A_S84_L004_R2_001.trimmed.fastq.gz,0.25193
209,14542.NOD3F5.L5,3D0934A,/qmounts/qiita_data/per_sample_FASTQ/194122/3D0934A_S89_L004_R1_001.trimmed.fastq.gz,/qmounts/qiita_data/per_sample_FASTQ/194122/3D0934A_S89_L004_R2_001.trimmed.fastq.gz,0.197093
210,14542.PMM1D1.R8,3D0432A,/qmounts/qiita_data/per_sample_FASTQ/194122/3D0432A_S388_L004_R1_001.trimmed.fastq.gz,/qmounts/qiita_data/per_sample_FASTQ/194122/3D0432A_S388_L004_R2_001.trimmed.fastq.gz,0.27351
211,14542.PMM1S1.L5,3D0415A,/qmounts/qiita_data/per_sample_FASTQ/194122/3D0415A_S102_L004_R1_001.trimmed.fastq.gz,/qmounts/qiita_data/per_sample_FASTQ/194122/3D0415A_S102_L004_R2_001.trimmed.fastq.gz,0.198749
212,14542.COL1F3.L1,3D0486A,/qmounts/qiita_data/per_sample_FASTQ/194122/3D0486A_S59_L004_R1_001.trimmed.fastq.gz,/qmounts/qiita_data/per_sample_FASTQ/194122/3D0486A_S59_L004_R2_001.trimmed.fastq.gz,0.152683
213,14542.JLP1S1.R3,3D1432A,/qmounts/qiita_data/per_sample_FASTQ/194122/3D1432A_S232_L004_R1_001.trimmed.fastq.gz,/qmounts/qiita_data/per_sample_FASTQ/194122/3D1432A_S232_L004_R2_001.trimmed.fastq.gz,0.147866
214,14542.LAB1P5.L1,3D0214A,/qmounts/qiita_data/per_sample_FASTQ/194122/3D0214A_S122_L004_R1_001.trimmed.fastq.gz,/qmounts/qiita_data/per_sample_FASTQ/194122/3D0214A_S122_L004_R2_001.trimmed.fastq.gz,0.151697
215,14542.JPM1A1.R2,3D1443A,/qmounts/qiita_data/per_sample_FASTQ/194122/3D1443A_S225_L004_R1_001.trimmed.fastq.gz,/qmounts/qiita_data/per_sample_FASTQ/194122/3D1443A_S225_L004_R2_001.trimmed.fastq.gz,0.146022
216,14542.NOD1S2.R6,3D0881A,/qmounts/qiita_data/per_sample_FASTQ/194122/3D0881A_S132_L004_R1_001.trimmed.fastq.gz,/qmounts/qiita_data/per_sample_FASTQ/194122/3D0881A_S132_L004_R2_001.trimmed.fastq.gz,0.158931
217,14542.PMM1D1.R6,3D1209A,/qmounts/qiita_data/per_sample_FASTQ/194122/3D1209A_S447_L004_R1_001.trimmed.fastq.gz,/qmounts/qiita_data/per_sample_FASTQ/194122/3D1209A_S447_L004_R2_001.trimmed.fastq.gz,0.112602
218,14542.NOD3D2.R1,3D1091A,/qmounts/qiita_data/per_sample_FASTQ/194122/3D1091A_S442_L004_R1_001.trimmed.fastq.gz,/qmounts/qiita_data/per_sample_FASTQ/194122/3D1091A_S442_L004_R2_001.trimmed.fastq.gz,0.0718551
219,14542.JLP1P1.R4,3D1496A,/qmounts/qiita_data/per_sample_FASTQ/194122/3D1496A_S61_L004_R1_001.trimmed.fastq.gz,/qmounts/qiita_data/per_sample_FASTQ/194122/3D1496A_S61_L004_R2_001.trimmed.fastq.gz,0.0384361
220,14542.NOD3D5.L5,3D1395A,/qmounts/qiita_data/per_sample_FASTQ/194122/3D1395A_S151_L004_R1_001.trimmed.fastq.gz,/qmounts/qiita_data/per_sample_FASTQ/194122/3D1395A_S151_L004_R2_001.trimmed.fastq.gz,0.209169
221,14542.NOD1O4.L2,3D1283A,/qmounts/qiita_data/per_sample_FASTQ/194122/3D1283A_S431_L004_R1_001.trimmed.fastq.gz,/qmounts/qiita_data/per_sample_FASTQ/194122/3D1283A_S431_L004_R2_001.trimmed.fastq.gz,0.23733
222,14542.NOD1P4.R7,3D1227A,/qmounts/qiita_data/per_sample_FASTQ/194122/3D1227A_S253_L004_R1_001.trimmed.fastq.gz,/qmounts/qiita_data/per_sample_FASTQ/194122/3D1227A_S253_L004_R2_001.trimmed.fastq.gz,0.148131
223,14542.JLP1F1.L3,3D1464A,/qmounts/qiita_data/per_sample_FASTQ/194122/3D1464A_S171_L004_R1_001.trimmed.fastq.gz,/qmounts/qiita_data/per_sample_FASTQ/194122/3D1464A_S171_L004_R2_001.trimmed.fastq.gz,0.240229
224,14542.NOD3O2.L13,3D0921A,/qmounts/qiita_data/per_sample_FASTQ/194122/3D0921A_S459_L004_R1_001.trimmed.fastq.gz,/qmounts/qiita_data/per_sample_FASTQ/194122/3D0921A_S459_L004_R2_001.trimmed.fastq.gz,0.260541
225,14542.NOD2O4.R3,3D0886A,/qmounts/qiita_data/per_sample_FASTQ/194122/3D0886A_S305_L004_R1_001.trimmed.fastq.gz,/qmounts/qiita_data/per_sample_FASTQ/194122/3D0886A_S305_L004_R2_001.trimmed.fastq.gz,0.167618
226,14542.JPM1O3.R1,3D0957A,/qmounts/qiita_data/per_sample_FASTQ/194122/3D0957A_S229_L004_R1_001.trimmed.fastq.gz,/qmounts/qiita_data/per_sample_FASTQ/194122/3D0957A_S229_L004_R2_001.trimmed.fastq.gz,0.142765
227,14542.NOD1S4.R2,3D0546A,/qmounts/qiita_data/per_sample_FASTQ/194122/3D0546A_S87_L004_R1_001.trimmed.fastq.gz,/qmounts/qiita_data/per_sample_FASTQ/194122/3D0546A_S87_L004_R2_001.trimmed.fastq.gz,0.18262
228,14542.NOD3F4.R2,3D0901A,/qmounts/qiita_data/per_sample_FASTQ/194122/3D0901A_S458_L004_R1_001.trimmed.fastq.gz,/qmounts/qiita_data/per_sample_FASTQ/194122/3D0901A_S458_L004_R2_001.trimmed.fastq.gz,0.231195
229,14542.JLP1P1.R1.,3D1450A,/qmounts/qiita_data/per_sample_FASTQ/194122/3D1450A_S164_L004_R1_001.trimmed.fastq.gz,/qmounts/qiita_data/per_sample_FASTQ/194122/3D1450A_S164_L004_R2_001.trimmed.fastq.gz,0.0685728
230,14542.PMM1O1.R6,3D0360A,/qmounts/qiita_data/per_sample_FASTQ/194122/3D0360A_S40_L004_R1_001.trimmed.fastq.gz,/qmounts/qiita_data/per_sample_FASTQ/194122/3D0360A_S40_L004_R2_001.trimmed.fastq.gz,0.266176
231,14542.NOD2S4.R4,3D0805A,/qmounts/qiita_data/per_sample_FASTQ/194122/3D0805A_S250_L004_R1_001.trimmed.fastq.gz,/qmounts/qiita_data/per_sample_FASTQ/194122/3D0805A_S250_L004_R2_001.trimmed.fastq.gz,0.295854
232,14542.NOD2D2.R5,3D0954A,/qmounts/qiita_data/per_sample_FASTQ/194122/3D0954A_S434_L004_R1_001.trimmed.fastq.gz,/qmounts/qiita_data/per_sample_FASTQ/194122/3D0954A_S434_L004_R2_001.trimmed.fastq.gz,0.163226
233,14542.COL1.F3.R2,3D0446A,/qmounts/qiita_data/per_sample_FASTQ/194122/3D0446A_S271_L004_R1_001.trimmed.fastq.gz,/qmounts/qiita_data/per_sample_FASTQ/194122/3D0446A_S271_L004_R2_001.trimmed.fastq.gz,0.212209
234,14542.LAB1D3.L2,3D0294A,/qmounts/qiita_data/per_sample_FASTQ/194122/3D0294A_S119_L004_R1_001.trimmed.fastq.gz,/qmounts/qiita_data/per_sample_FASTQ/194122/3D0294A_S119_L004_R2_001.trimmed.fastq.gz,0.189424
235,14542.NOD1P4.L2,3D1205A,/qmounts/qiita_data/per_sample_FASTQ/194122/3D1205A_S240_L004_R1_001.trimmed.fastq.gz,/qmounts/qiita_data/per_sample_FASTQ/194122/3D1205A_S240_L004_R2_001.trimmed.fastq.gz,0.146832
236,14542.NOD2S2.L4,3D0963A,/qmounts/qiita_data/per_sample_FASTQ/194122/3D0963A_S33_L004_R1_001.trimmed.fastq.gz,/qmounts/qiita_data/per_sample_FASTQ/194122/3D0963A_S33_L004_R2_001.trimmed.fastq.gz,0.150789
237,14542.COL1O3.R2,3D0474A,/qmounts/qiita_data/per_sample_FASTQ/194122/3D0474A_S270_L004_R1_001.trimmed.fastq.gz,/qmounts/qiita_data/per_sample_FASTQ/194122/3D0474A_S270_L004_R2_001.trimmed.fastq.gz,0.188013
238,14542.PMM1O1.L8,3D0314A,/qmounts/qiita_data/per_sample_FASTQ/194122/3D0314A_S457_L004_R1_001.trimmed.fastq.gz,/qmounts/qiita_data/per_sample_FASTQ/194122/3D0314A_S457_L004_R2_001.trimmed.fastq.gz,0.216898
239,14542.A.L1O1.R1,3D1242A,/qmounts/qiita_data/per_sample_FASTQ/194122/3D1242A_S162_L004_R1_001.trimmed.fastq.gz,/qmounts/qiita_data/per_sample_FASTQ/194122/3D1242A_S162_L004_R2_001.trimmed.fastq.gz,0.138275
240,14542.NOD3O2.R12,3D0975A,/qmounts/qiita_data/per_sample_FASTQ/194122/3D0975A_S86_L004_R1_001.trimmed.fastq.gz,/qmounts/qiita_data/per_sample_FASTQ/194122/3D0975A_S86_L004_R2_001.trimmed.fastq.gz,0.175583
241,14542.LAB1O3.L1,3D0206A,/qmounts/qiita_data/per_sample_FASTQ/194122/3D0206A_S66_L004_R1_001.trimmed.fastq.gz,/qmounts/qiita_data/per_sample_FASTQ/194122/3D0206A_S66_L004_R2_001.trimmed.fastq.gz,0.182866
242,14542.COL1O4.L2,3D0487A,/qmounts/qiita_data/per_sample_FASTQ/194122/3D0487A_S3_L004_R1_001.trimmed.fastq.gz,/qmounts/qiita_data/per_sample_FASTQ/194122/3D0487A_S3_L004_R2_001.trimmed.fastq.gz,0.147062
243,14542.COL1O2.L1,3D0467A,/qmounts/qiita_data/per_sample_FASTQ/194122/3D0467A_S163_L004_R1_001.trimmed.fastq.gz,/qmounts/qiita_data/per_sample_FASTQ/194122/3D0467A_S163_L004_R2_001.trimmed.fastq.gz,0.227713
244,14542.JPM1A6.L2,3D0322A,/qmounts/qiita_data/per_sample_FASTQ/194122/3D0322A_S340_L004_R1_001.trimmed.fastq.gz,/qmounts/qiita_data/per_sample_FASTQ/194122/3D0322A_S340_L004_R2_001.trimmed.fastq.gz,0.172149
245,14542.NOD3A4.R1,3D1367A,/qmounts/qiita_data/per_sample_FASTQ/194122/3D1367A_S255_L004_R1_001.trimmed.fastq.gz,/qmounts/qiita_data/per_sample_FASTQ/194122/3D1367A_S255_L004_R2_001.trimmed.fastq.gz,0.242701
246,14542.NOD3D5.L1,3D1387A,/qmounts/qiita_data/per_sample_FASTQ/194122/3D1387A_S32_L004_R1_001.trimmed.fastq.gz,/qmounts/qiita_data/per_sample_FASTQ/194122/3D1387A_S32_L004_R2_001.trimmed.fastq.gz,0.288672
247,14542.NOD1P2.R9,3D0572A,/qmounts/qiita_data/per_sample_FASTQ/194122/3D0572A_S371_L004_R1_001.trimmed.fastq.gz,/qmounts/qiita_data/per_sample_FASTQ/194122/3D0572A_S371_L004_R2_001.trimmed.fastq.gz,0.194126
248,14542.PMM1S1.R2,3D0409A,/qmounts/qiita_data/per_sample_FASTQ/194122/3D0409A_S160_L004_R1_001.trimmed.fastq.gz,/qmounts/qiita_data/per_sample_FASTQ/194122/3D0409A_S160_L004_R2_001.trimmed.fastq.gz,0.220907
249,14542.NOD3O5.L1,3D1370A,/qmounts/qiita_data/per_sample_FASTQ/194122/3D1370A_S46_L004_R1_001.trimmed.fastq.gz,/qmounts/qiita_data/per_sample_FASTQ/194122/3D1370A_S46_L004_R2_001.trimmed.fastq.gz,0.307592
250,14542.PMM1P1.L1,3D0315A,/qmounts/qiita_data/per_sample_FASTQ/194122/3D0315A_S461_L004_R1_001.trimmed.fastq.gz,/qmounts/qiita_data/per_sample_FASTQ/194122/3D0315A_S461_L004_R2_001.trimmed.fastq.gz,0.172745
251,14542.COL1A4.R2,3D0444A,/qmounts/qiita_data/per_sample_FASTQ/194122/3D0444A_S341_L004_R1_001.trimmed.fastq.gz,/qmounts/qiita_data/per_sample_FASTQ/194122/3D0444A_S341_L004_R2_001.trimmed.fastq.gz,0.266361
252,14542.NOD2O2.L6,3D0896A,/qmounts/qiita_data/per_sample_FASTQ/194122/3D0896A_S432_L004_R1_001.trimmed.fastq.gz,/qmounts/qiita_data/per_sample_FASTQ/194122/3D0896A_S432_L004_R2_001.trimmed.fastq.gz,0.20713
253,14542.NOD1P4.L6,3D1244A,/qmounts/qiita_data/per_sample_FASTQ/194122/3D1244A_S380_L004_R1_001.trimmed.fastq.gz,/qmounts/qiita_data/per_sample_FASTQ/194122/3D1244A_S380_L004_R2_001.trimmed.fastq.gz,0.260154
254,14542.NOD2P4.L1,3D0841A,/qmounts/qiita_data/per_sample_FASTQ/194122/3D0841A_S441_L004_R1_001.trimmed.fastq.gz,/qmounts/qiita_data/per_sample_FASTQ/194122/3D0841A_S441_L004_R2_001.trimmed.fastq.gz,0.183915
255,14542.A.L1A1.L1,3D1240A,/qmounts/qiita_data/per_sample_FASTQ/194122/3D1240A_S334_L004_R1_001.trimmed.fastq.gz,/qmounts/qiita_data/per_sample_FASTQ/194122/3D1240A_S334_L004_R2_001.trimmed.fastq.gz,0.239304
256,14542.NOD2P2.L2,3D0257A,/qmounts/qiita_data/per_sample_FASTQ/194122/3D0257A_S308_L004_R1_001.trimmed.fastq.gz,/qmounts/qiita_data/per_sample_FASTQ/194122/3D0257A_S308_L004_R2_001.trimmed.fastq.gz,0.119807
257,14542.NOD2P4.L2,3D0889A,/qmounts/qiita_data/per_sample_FASTQ/194122/3D0889A_S304_L004_R1_001.trimmed.fastq.gz,/qmounts/qiita_data/per_sample_FASTQ/194122/3D0889A_S304_L004_R2_001.trimmed.fastq.gz,0.148408
258,14542.NOD3A4.L3,3D1397A,/qmounts/qiita_data/per_sample_FASTQ/194122/3D1397A_S406_L004_R1_001.trimmed.fastq.gz,/qmounts/qiita_data/per_sample_FASTQ/194122/3D1397A_S406_L004_R2_001.trimmed.fastq.gz,0.230914
259,14542.NOD2S4.L5,3D0890A,/qmounts/qiita_data/per_sample_FASTQ/194122/3D0890A_S190_L004_R1_001.trimmed.fastq.gz,/qmounts/qiita_data/per_sample_FASTQ/194122/3D0890A_S190_L004_R2_001.trimmed.fastq.gz,0.156523
260,14542.JLP1A1.R1,3D1468A,/qmounts/qiita_data/per_sample_FASTQ/194122/3D1468A_S110_L004_R1_001.trimmed.fastq.gz,/qmounts/qiita_data/per_sample_FASTQ/194122/3D1468A_S110_L004_R2_001.trimmed.fastq.gz,0.0336866
261,14542.NOD2P4.L6,3D0838A,/qmounts/qiita_data/per_sample_FASTQ/194122/3D0838A_S192_L004_R1_001.trimmed.fastq.gz,/qmounts/qiita_data/per_sample_FASTQ/194122/3D0838A_S192_L004_R2_001.trimmed.fastq.gz,0.152887
262,14542.JLP1S1.L1,3D1497A,/qmounts/qiita_data/per_sample_FASTQ/194122/3D1497A_S63_L004_R1_001.trimmed.fastq.gz,/qmounts/qiita_data/per_sample_FASTQ/194122/3D1497A_S63_L004_R2_001.trimmed.fastq.gz,0.101308
263,14542.PMM1S1.R5,3D0426A,/qmounts/qiita_data/per_sample_FASTQ/194122/3D0426A_S396_L004_R1_001.trimmed.fastq.gz,/qmounts/qiita_data/per_sample_FASTQ/194122/3D0426A_S396_L004_R2_001.trimmed.fastq.gz,0.308495
264,14542.NOD1D4.L1,3D1265A,/qmounts/qiita_data/per_sample_FASTQ/194122/3D1265A_S68_L004_R1_001.trimmed.fastq.gz,/qmounts/qiita_data/per_sample_FASTQ/194122/3D1265A_S68_L004_R2_001.trimmed.fastq.gz,0.2142
265,14542.JPM1F3.L1,3D0972A,/qmounts/qiita_data/per_sample_FASTQ/194122/3D0972A_S113_L004_R1_001.trimmed.fastq.gz,/qmounts/qiita_data/per_sample_FASTQ/194122/3D0972A_S113_L004_R2_001.trimmed.fastq.gz,0.148496
266,14542.PMM1P1.L5,3D0347A,/qmounts/qiita_data/per_sample_FASTQ/194122/3D0347A_S206_L004_R1_001.trimmed.fastq.gz,/qmounts/qiita_data/per_sample_FASTQ/194122/3D0347A_S206_L004_R2_001.trimmed.fastq.gz,0.178579
267,14542.JPM1D1.L1,3D1437A,/qmounts/qiita_data/per_sample_FASTQ/194122/3D1437A_S276_L004_R1_001.trimmed.fastq.gz,/qmounts/qiita_data/per_sample_FASTQ/194122/3D1437A_S276_L004_R2_001.trimmed.fastq.gz,0.205262
268,14542.PMM1P1.R7,3D1018A,/qmounts/qiita_data/per_sample_FASTQ/194122/3D1018A_S148_L004_R1_001.trimmed.fastq.gz,/qmounts/qiita_data/per_sample_FASTQ/194122/3D1018A_S148_L004_R2_001.trimmed.fastq.gz,0.171052
269,14542.PMM1S1.R1,3D1011A,/qmounts/qiita_data/per_sample_FASTQ/194122/3D1011A_S159_L004_R1_001.trimmed.fastq.gz,/qmounts/qiita_data/per_sample_FASTQ/194122/3D1011A_S159_L004_R2_001.trimmed.fastq.gz,0.200115
270,14542.NOD2S2.R4,3D0970A,/qmounts/qiita_data/per_sample_FASTQ/194122/3D0970A_S25_L004_R1_001.trimmed.fastq.gz,/qmounts/qiita_data/per_sample_FASTQ/194122/3D0970A_S25_L004_R2_001.trimmed.fastq.gz,0.175835
271,14542.JLP1A1.R4,3D1488A,/qmounts/qiita_data/per_sample_FASTQ/194122/3D1488A_S278_L004_R1_001.trimmed.fastq.gz,/qmounts/qiita_data/per_sample_FASTQ/194122/3D1488A_S278_L004_R2_001.trimmed.fastq.gz,0.0527791
272,14542.COL1O2.R2,3D0450A,/qmounts/qiita_data/per_sample_FASTQ/194122/3D0450A_S415_L004_R1_001.trimmed.fastq.gz,/qmounts/qiita_data/per_sample_FASTQ/194122/3D0450A_S415_L004_R2_001.trimmed.fastq.gz,0.179425
273,14542.NOD1S4.R3,3D0564A,/qmounts/qiita_data/per_sample_FASTQ/194122/3D0564A_S401_L004_R1_001.trimmed.fastq.gz,/qmounts/qiita_data/per_sample_FASTQ/194122/3D0564A_S401_L004_R2_001.trimmed.fastq.gz,0.21853
274,14542.NOD3O4.R6,3D0992A,/qmounts/qiita_data/per_sample_FASTQ/194122/3D0992A_S150_L004_R1_001.trimmed.fastq.gz,/qmounts/qiita_data/per_sample_FASTQ/194122/3D0992A_S150_L004_R2_001.trimmed.fastq.gz,0.27441
275,14542.LAB1O2.R2,3D0297A,/qmounts/qiita_data/per_sample_FASTQ/194122/3D0297A_S289_L004_R1_001.trimmed.fastq.gz,/qmounts/qiita_data/per_sample_FASTQ/194122/3D0297A_S289_L004_R2_001.trimmed.fastq.gz,0.20953
276,14542.PMM1P1.L3,3D0394A,/qmounts/qiita_data/per_sample_FASTQ/194122/3D0394A_S317_L004_R1_001.trimmed.fastq.gz,/qmounts/qiita_data/per_sample_FASTQ/194122/3D0394A_S317_L004_R2_001.trimmed.fastq.gz,0.223667
277,14542.NOD3D5.L4,3D1391A,/qmounts/qiita_data/per_sample_FASTQ/194122/3D1391A_S94_L004_R1_001.trimmed.fastq.gz,/qmounts/qiita_data/per_sample_FASTQ/194122/3D1391A_S94_L004_R2_001.trimmed.fastq.gz,0.31679
278,14542.PMM1P1.R2,3D0361A,/qmounts/qiita_data/per_sample_FASTQ/194122/3D0361A_S97_L004_R1_001.trimmed.fastq.gz,/qmounts/qiita_data/per_sample_FASTQ/194122/3D0361A_S97_L004_R2_001.trimmed.fastq.gz,0.210727
279,14542.NOD3A4.L5,3D0002A,/qmounts/qiita_data/per_sample_FASTQ/194122/3D0002A_S377_L004_R1_001.trimmed.fastq.gz,/qmounts/qiita_data/per_sample_FASTQ/194122/3D0002A_S377_L004_R2_001.trimmed.fastq.gz,0.18031
280,14542.NOD1P4.L9,3D1300A,/qmounts/qiita_data/per_sample_FASTQ/194122/3D1300A_S299_L004_R1_001.trimmed.fastq.gz,/qmounts/qiita_data/per_sample_FASTQ/194122/3D1300A_S299_L004_R2_001.trimmed.fastq.gz,0.14928
281,14542.LAB1P6.L2,3D0208A,/qmounts/qiita_data/per_sample_FASTQ/194122/3D0208A_S367_L004_R1_001.trimmed.fastq.gz,/qmounts/qiita_data/per_sample_FASTQ/194122/3D0208A_S367_L004_R2_001.trimmed.fastq.gz,0.202906
282,14542.NOD3O2.L12,3D0988A,/qmounts/qiita_data/per_sample_FASTQ/194122/3D0988A_S392_L004_R1_001.trimmed.fastq.gz,/qmounts/qiita_data/per_sample_FASTQ/194122/3D0988A_S392_L004_R2_001.trimmed.fastq.gz,0.331036
283,14542.NOD1S2.R4,3D0801A,/qmounts/qiita_data/per_sample_FASTQ/194122/3D0801A_S72_L004_R1_001.trimmed.fastq.gz,/qmounts/qiita_data/per_sample_FASTQ/194122/3D0801A_S72_L004_R2_001.trimmed.fastq.gz,0.15879
284,14542.NOD1O4.L7,3D1282A,/qmounts/qiita_data/per_sample_FASTQ/194122/3D1282A_S293_L004_R1_001.trimmed.fastq.gz,/qmounts/qiita_data/per_sample_FASTQ/194122/3D1282A_S293_L004_R2_001.trimmed.fastq.gz,0.205116
285,14542.JLP1F1.R1,3D1476A,/qmounts/qiita_data/per_sample_FASTQ/194122/3D1476A_S228_L004_R1_001.trimmed.fastq.gz,/qmounts/qiita_data/per_sample_FASTQ/194122/3D1476A_S228_L004_R2_001.trimmed.fastq.gz,0.12358
286,14542.NOD3A5.L2,3D1351A,/qmounts/qiita_data/per_sample_FASTQ/194122/3D1351A_S383_L004_R1_001.trimmed.fastq.gz,/qmounts/qiita_data/per_sample_FASTQ/194122/3D1351A_S383_L004_R2_001.trimmed.fastq.gz,0.314441
287,14542.LAB1P4.L1,3D0268A,/qmounts/qiita_data/per_sample_FASTQ/194122/3D0268A_S296_L004_R1_001.trimmed.fastq.gz,/qmounts/qiita_data/per_sample_FASTQ/194122/3D0268A_S296_L004_R2_001.trimmed.fastq.gz,0.159434
288,14542.NOD3D2.R2,3D1069A,/qmounts/qiita_data/per_sample_FASTQ/194122/3D1069A_S201_L004_R1_001.trimmed.fastq.gz,/qmounts/qiita_data/per_sample_FASTQ/194122/3D1069A_S201_L004_R2_001.trimmed.fastq.gz,0.222028
289,14542.NOD3O4.R1,3D0959A,/qmounts/qiita_data/per_sample_FASTQ/194122/3D0959A_S90_L004_R1_001.trimmed.fastq.gz,/qmounts/qiita_data/per_sample_FASTQ/194122/3D0959A_S90_L004_R2_001.trimmed.fastq.gz,0.23595
290,14542.JPM1D3.R2,3D1321A,/qmounts/qiita_data/per_sample_FASTQ/194122/3D1321A_S173_L004_R1_001.trimmed.fastq.gz,/qmounts/qiita_data/per_sample_FASTQ/194122/3D1321A_S173_L004_R2_001.trimmed.fastq.gz,0.246931
291,14542.NOD3O4.R2,3D0916A,/qmounts/qiita_data/per_sample_FASTQ/194122/3D0916A_S394_L004_R1_001.trimmed.fastq.gz,/qmounts/qiita_data/per_sample_FASTQ/194122/3D0916A_S394_L004_R2_001.trimmed.fastq.gz,0.385035
292,14542.LAB1O4.R2,3D0286A,/qmounts/qiita_data/per_sample_FASTQ/194122/3D0286A_S294_L004_R1_001.trimmed.fastq.gz,/qmounts/qiita_data/per_sample_FASTQ/194122/3D0286A_S294_L004_R2_001.trimmed.fastq.gz,0.156431
293,14542.NOD3D2.C2,3D1357A,/qmounts/qiita_data/per_sample_FASTQ/194122/3D1357A_S266_L004_R1_001.trimmed.fastq.gz,/qmounts/qiita_data/per_sample_FASTQ/194122/3D1357A_S266_L004_R2_001.trimmed.fastq.gz,0.167078
294,14542.NOD3F2.L1,3D1354A,/qmounts/qiita_data/per_sample_FASTQ/194122/3D1354A_S45_L004_R1_001.trimmed.fastq.gz,/qmounts/qiita_data/per_sample_FASTQ/194122/3D1354A_S45_L004_R2_001.trimmed.fastq.gz,0.207863
295,14542.NOD3F2.R4,3D1364A,/qmounts/qiita_data/per_sample_FASTQ/194122/3D1364A_S258_L004_R1_001.trimmed.fastq.gz,/qmounts/qiita_data/per_sample_FASTQ/194122/3D1364A_S258_L004_R2_001.trimmed.fastq.gz,0.280215
296,14542.JPM1D2.L2,3D1430A,/qmounts/qiita_data/per_sample_FASTQ/194122/3D1430A_S226_L004_R1_001.trimmed.fastq.gz,/qmounts/qiita_data/per_sample_FASTQ/194122/3D1430A_S226_L004_R2_001.trimmed.fastq.gz,0.2223
297,14542.NOD1P4.R4,3D1263A,/qmounts/qiita_data/per_sample_FASTQ/194122/3D1263A_S69_L004_R1_001.trimmed.fastq.gz,/qmounts/qiita_data/per_sample_FASTQ/194122/3D1263A_S69_L004_R2_001.trimmed.fastq.gz,0.225996
298,14542.NOD3D2.C4,3D1335A,/qmounts/qiita_data/per_sample_FASTQ/194122/3D1335A_S251_L004_R1_001.trimmed.fastq.gz,/qmounts/qiita_data/per_sample_FASTQ/194122/3D1335A_S251_L004_R2_001.trimmed.fastq.gz,0.0867596
299,14542.NOD1P2.L6,3D0587A,/qmounts/qiita_data/per_sample_FASTQ/194122/3D0587A_S29_L004_R1_001.trimmed.fastq.gz,/qmounts/qiita_data/per_sample_FASTQ/194122/3D0587A_S29_L004_R2_001.trimmed.fastq.gz,0.269262
300,14542.NOD1P2.L10,3D0592A,/qmounts/qiita_data/per_sample_FASTQ/194122/3D0592A_S373_L004_R1_001.trimmed.fastq.gz,/qmounts/qiita_data/per_sample_FASTQ/194122/3D0592A_S373_L004_R2_001.trimmed.fastq.gz,0.254528
301,14542.JPM1O4.R2,3D0240A,/qmounts/qiita_data/per_sample_FASTQ/194122/3D0240A_S358_L004_R1_001.trimmed.fastq.gz,/qmounts/qiita_data/per_sample_FASTQ/194122/3D0240A_S358_L004_R2_001.trimmed.fastq.gz,0.254557
302,14542.JPM1F1.L1,3D1478A,/qmounts/qiita_data/per_sample_FASTQ/194122/3D1478A_S344_L004_R1_001.trimmed.fastq.gz,/qmounts/qiita_data/per_sample_FASTQ/194122/3D1478A_S344_L004_R2_001.trimmed.fastq.gz,0.256417
303,14542.NOD3A4.L1,3D1398A,/qmounts/qiita_data/per_sample_FASTQ/194122/3D1398A_S390_L004_R1_001.trimmed.fastq.gz,/qmounts/qiita_data/per_sample_FASTQ/194122/3D1398A_S390_L004_R2_001.trimmed.fastq.gz,0.27801
304,14542.NOD1O4.R5,3D1251A,/qmounts/qiita_data/per_sample_FASTQ/194122/3D1251A_S65_L004_R1_001.trimmed.fastq.gz,/qmounts/qiita_data/per_sample_FASTQ/194122/3D1251A_S65_L004_R2_001.trimmed.fastq.gz,0.168078
305,14542.COL1F3.L2,3D0491A,/qmounts/qiita_data/per_sample_FASTQ/194122/3D0491A_S4_L004_R1_001.trimmed.fastq.gz,/qmounts/qiita_data/per_sample_FASTQ/194122/3D0491A_S4_L004_R2_001.trimmed.fastq.gz,0.186253
306,14542.NOD3F2.L2,3D1334A,/qmounts/qiita_data/per_sample_FASTQ/194122/3D1334A_S47_L004_R1_001.trimmed.fastq.gz,/qmounts/qiita_data/per_sample_FASTQ/194122/3D1334A_S47_L004_R2_001.trimmed.fastq.gz,0.216755
307,14542.NOD1S4.L8,3D1277A,/qmounts/qiita_data/per_sample_FASTQ/194122/3D1277A_S195_L004_R1_001.trimmed.fastq.gz,/qmounts/qiita_data/per_sample_FASTQ/194122/3D1277A_S195_L004_R2_001.trimmed.fastq.gz,0.261464
308,14542.NOD1S4.L9,3D0507A,/qmounts/qiita_data/per_sample_FASTQ/194122/3D0507A_S300_L004_R1_001.trimmed.fastq.gz,/qmounts/qiita_data/per_sample_FASTQ/194122/3D0507A_S300_L004_R2_001.trimmed.fastq.gz,0.175092
309,14542.COL1O4.L1,3D0465A,/qmounts/qiita_data/per_sample_FASTQ/194122/3D0465A_S410_L004_R1_001.trimmed.fastq.gz,/qmounts/qiita_data/per_sample_FASTQ/194122/3D0465A_S410_L004_R2_001.trimmed.fastq.gz,0.133382
310,14542.PMM1P1.R3,3D0398A,/qmounts/qiita_data/per_sample_FASTQ/194122/3D0398A_S99_L004_R1_001.trimmed.fastq.gz,/qmounts/qiita_data/per_sample_FASTQ/194122/3D0398A_S99_L004_R2_001.trimmed.fastq.gz,0.25326
311,14542.JLP1S1.R2,3D1477A,/qmounts/qiita_data/per_sample_FASTQ/194122/3D1477A_S231_L004_R1_001.trimmed.fastq.gz,/qmounts/qiita_data/per_sample_FASTQ/194122/3D1477A_S231_L004_R2_001.trimmed.fastq.gz,0.110926
312,14542.NOD3F2.R5,3D1371A,/qmounts/qiita_data/per_sample_FASTQ/194122/3D1371A_S320_L004_R1_001.trimmed.fastq.gz,/qmounts/qiita_data/per_sample_FASTQ/194122/3D1371A_S320_L004_R2_001.trimmed.fastq.gz,0.158769
313,14542.PMM1O1.L1,3D0305A,/qmounts/qiita_data/per_sample_FASTQ/194122/3D0305A_S154_L004_R1_001.trimmed.fastq.gz,/qmounts/qiita_data/per_sample_FASTQ/194122/3D0305A_S154_L004_R2_001.trimmed.fastq.gz,0.17429
314,14542.PMM1D1.L5,3D0425A,/qmounts/qiita_data/per_sample_FASTQ/194122/3D0425A_S153_L004_R1_001.trimmed.fastq.gz,/qmounts/qiita_data/per_sample_FASTQ/194122/3D0425A_S153_L004_R2_001.trimmed.fastq.gz,0.37115
315,14542.LAB1S2.R1,3D0594A,/qmounts/qiita_data/per_sample_FASTQ/194122/3D0594A_S360_L004_R1_001.trimmed.fastq.gz,/qmounts/qiita_data/per_sample_FASTQ/194122/3D0594A_S360_L004_R2_001.trimmed.fastq.gz,0.242062
316,14542.NOD1S2.L7,3D0580A,/qmounts/qiita_data/per_sample_FASTQ/194122/3D0580A_S256_L004_R1_001.trimmed.fastq.gz,/qmounts/qiita_data/per_sample_FASTQ/194122/3D0580A_S256_L004_R2_001.trimmed.fastq.gz,0.186285
317,14542.NOD3D5.R2,3D1348A,/qmounts/qiita_data/per_sample_FASTQ/194122/3D1348A_S207_L004_R1_001.trimmed.fastq.gz,/qmounts/qiita_data/per_sample_FASTQ/194122/3D1348A_S207_L004_R2_001.trimmed.fastq.gz,0.152105
318,14542.PMM1O1.R5,3D0397A,/qmounts/qiita_data/per_sample_FASTQ/194122/3D0397A_S259_L004_R1_001.trimmed.fastq.gz,/qmounts/qiita_data/per_sample_FASTQ/194122/3D0397A_S259_L004_R2_001.trimmed.fastq.gz,0.208851
319,14542.NOD3O5.R5,3D1324A,/qmounts/qiita_data/per_sample_FASTQ/194122/3D1324A_S53_L004_R1_001.trimmed.fastq.gz,/qmounts/qiita_data/per_sample_FASTQ/194122/3D1324A_S53_L004_R2_001.trimmed.fastq.gz,0.258633
320,14542.NOD3D5.L2,3D1361A,/qmounts/qiita_data/per_sample_FASTQ/194122/3D1361A_S200_L004_R1_001.trimmed.fastq.gz,/qmounts/qiita_data/per_sample_FASTQ/194122/3D1361A_S200_L004_R2_001.trimmed.fastq.gz,0.249612
321,14542.NOD2.F4,3D0984A,/qmounts/qiita_data/per_sample_FASTQ/194122/3D0984A_S379_L004_R1_001.trimmed.fastq.gz,/qmounts/qiita_data/per_sample_FASTQ/194122/3D0984A_S379_L004_R2_001.trimmed.fastq.gz,0.19848
322,14542.JLP1F1.R3,3D1452A,/qmounts/qiita_data/per_sample_FASTQ/194122/3D1452A_S8_L004_R1_001.trimmed.fastq.gz,/qmounts/qiita_data/per_sample_FASTQ/194122/3D1452A_S8_L004_R2_001.trimmed.fastq.gz,0.166693
323,14542.NOD1D4.R7,3D1273A,/qmounts/qiita_data/per_sample_FASTQ/194122/3D1273A_S298_L004_R1_001.trimmed.fastq.gz,/qmounts/qiita_data/per_sample_FASTQ/194122/3D1273A_S298_L004_R2_001.trimmed.fastq.gz,0.243339
324,14542.JLP1S1.L3,3D1429A,/qmounts/qiita_data/per_sample_FASTQ/194122/3D1429A_S172_L004_R1_001.trimmed.fastq.gz,/qmounts/qiita_data/per_sample_FASTQ/194122/3D1429A_S172_L004_R2_001.trimmed.fastq.gz,0.192856
325,14542.NOD3D2.L4,3D1061A,/qmounts/qiita_data/per_sample_FASTQ/194122/3D1061A_S142_L004_R1_001.trimmed.fastq.gz,/qmounts/qiita_data/per_sample_FASTQ/194122/3D1061A_S142_L004_R2_001.trimmed.fastq.gz,0.151315
326,14542.JPM1F1.R2,3D1435A,/qmounts/qiita_data/per_sample_FASTQ/194122/3D1435A_S168_L004_R1_001.trimmed.fastq.gz,/qmounts/qiita_data/per_sample_FASTQ/194122/3D1435A_S168_L004_R2_001.trimmed.fastq.gz,0.189752
327,14542.NOD1P4.R10,3D1247A,/qmounts/qiita_data/per_sample_FASTQ/194122/3D1247A_S80_L004_R1_001.trimmed.fastq.gz,/qmounts/qiita_data/per_sample_FASTQ/194122/3D1247A_S80_L004_R2_001.trimmed.fastq.gz,0.130246
328,14542.NOD2O4.R4,3D0899A,/qmounts/qiita_data/per_sample_FASTQ/194122/3D0899A_S31_L004_R1_001.trimmed.fastq.gz,/qmounts/qiita_data/per_sample_FASTQ/194122/3D0899A_S31_L004_R2_001.trimmed.fastq.gz,0.129012
329,14542.PMM1S1.R3,3D1019A,/qmounts/qiita_data/per_sample_FASTQ/194122/3D1019A_S268_L004_R1_001.trimmed.fastq.gz,/qmounts/qiita_data/per_sample_FASTQ/194122/3D1019A_S268_L004_R2_001.trimmed.fastq.gz,0.160587
330,14542.PMM1D1.L4,3D0424A,/qmounts/qiita_data/per_sample_FASTQ/194122/3D0424A_S263_L004_R1_001.trimmed.fastq.gz,/qmounts/qiita_data/per_sample_FASTQ/194122/3D0424A_S263_L004_R2_001.trimmed.fastq.gz,0.167575
331,14542.NOD2S4.L2,3D0853A,/qmounts/qiita_data/per_sample_FASTQ/194122/3D0853A_S376_L004_R1_001.trimmed.fastq.gz,/qmounts/qiita_data/per_sample_FASTQ/194122/3D0853A_S376_L004_R2_001.trimmed.fastq.gz,0.185342
332,14542.NOD3O5.L5,3D1353A,/qmounts/qiita_data/per_sample_FASTQ/194122/3D1353A_S211_L004_R1_001.trimmed.fastq.gz,/qmounts/qiita_data/per_sample_FASTQ/194122/3D1353A_S211_L004_R2_001.trimmed.fastq.gz,0.194439
333,14542.JPM1O1.R2,3D1493A,/qmounts/qiita_data/per_sample_FASTQ/194122/3D1493A_S9_L004_R1_001.trimmed.fastq.gz,/qmounts/qiita_data/per_sample_FASTQ/194122/3D1493A_S9_L004_R2_001.trimmed.fastq.gz,0.319742
334,14542.NOD2O2.L5,3D0871A,/qmounts/qiita_data/per_sample_FASTQ/194122/3D0871A_S131_L004_R1_001.trimmed.fastq.gz,/qmounts/qiita_data/per_sample_FASTQ/194122/3D0871A_S131_L004_R2_001.trimmed.fastq.gz,0.179278
335,14542.JPM1A6.L1,3D0353A,/qmounts/qiita_data/per_sample_FASTQ/194122/3D0353A_S167_L004_R1_001.trimmed.fastq.gz,/qmounts/qiita_data/per_sample_FASTQ/194122/3D0353A_S167_L004_R2_001.trimmed.fastq.gz,0.187813
336,14542.NOD1S2.R2,3D0865A,/qmounts/qiita_data/per_sample_FASTQ/194122/3D0865A_S129_L004_R1_001.trimmed.fastq.gz,/qmounts/qiita_data/per_sample_FASTQ/194122/3D0865A_S129_L004_R2_001.trimmed.fastq.gz,0.117501
337,14542.JLP1P1.L1.,3D1440A,/qmounts/qiita_data/per_sample_FASTQ/194122/3D1440A_S233_L004_R1_001.trimmed.fastq.gz,/qmounts/qiita_data/per_sample_FASTQ/194122/3D1440A_S233_L004_R2_001.trimmed.fastq.gz,0.0989355
338,14542.JPM1F5.R1,3D0304A,/qmounts/qiita_data/per_sample_FASTQ/194122/3D0304A_S421_L004_R1_001.trimmed.fastq.gz,/qmounts/qiita_data/per_sample_FASTQ/194122/3D0304A_S421_L004_R2_001.trimmed.fastq.gz,0.126445
339,14542.LAB1D3.L1,3D0218A,/qmounts/qiita_data/per_sample_FASTQ/194122/3D0218A_S354_L004_R1_001.trimmed.fastq.gz,/qmounts/qiita_data/per_sample_FASTQ/194122/3D0218A_S354_L004_R2_001.trimmed.fastq.gz,0.167143
340,14542.NOD3D2.L1,3D1317A,/qmounts/qiita_data/per_sample_FASTQ/194122/3D1317A_S140_L004_R1_001.trimmed.fastq.gz,/qmounts/qiita_data/per_sample_FASTQ/194122/3D1317A_S140_L004_R2_001.trimmed.fastq.gz,0.150165
341,14542.NOD2P2.L3,3D0274A,/qmounts/qiita_data/per_sample_FASTQ/194122/3D0274A_S245_L004_R1_001.trimmed.fastq.gz,/qmounts/qiita_data/per_sample_FASTQ/194122/3D0274A_S245_L004_R2_001.trimmed.fastq.gz,0.129543
342,14542.LAB1S2.R2,3D0531A,/qmounts/qiita_data/per_sample_FASTQ/194122/3D0531A_S363_L004_R1_001.trimmed.fastq.gz,/qmounts/qiita_data/per_sample_FASTQ/194122/3D0531A_S363_L004_R2_001.trimmed.fastq.gz,0.236645
343,14542.LAB1O1.L1,3D0571A,/qmounts/qiita_data/per_sample_FASTQ/194122/3D0571A_S177_L004_R1_001.trimmed.fastq.gz,/qmounts/qiita_data/per_sample_FASTQ/194122/3D0571A_S177_L004_R2_001.trimmed.fastq.gz,0.176272
344,14542.NOD1S2.R1,3D0822A,/qmounts/qiita_data/per_sample_FASTQ/194122/3D0822A_S127_L004_R1_001.trimmed.fastq.gz,/qmounts/qiita_data/per_sample_FASTQ/194122/3D0822A_S127_L004_R2_001.trimmed.fastq.gz,0.152073
345,14542.NOD3A2.R1,3D1235A,/qmounts/qiita_data/per_sample_FASTQ/194122/3D1235A_S34_L004_R1_001.trimmed.fastq.gz,/qmounts/qiita_data/per_sample_FASTQ/194122/3D1235A_S34_L004_R2_001.trimmed.fastq.gz,0.180266
346,14542.PMM1S1.L4,3D0431A,/qmounts/qiita_data/per_sample_FASTQ/194122/3D0431A_S208_L004_R1_001.trimmed.fastq.gz,/qmounts/qiita_data/per_sample_FASTQ/194122/3D0431A_S208_L004_R2_001.trimmed.fastq.gz,0.281911
347,14542.NOD2D2.L6,3D1315A,/qmounts/qiita_data/per_sample_FASTQ/194122/3D1315A_S27_L004_R1_001.trimmed.fastq.gz,/qmounts/qiita_data/per_sample_FASTQ/194122/3D1315A_S27_L004_R2_001.trimmed.fastq.gz,0.194652
348,14542.NOD1O4.R10,3D1237A,/qmounts/qiita_data/per_sample_FASTQ/194122/3D1237A_S301_L004_R1_001.trimmed.fastq.gz,/qmounts/qiita_data/per_sample_FASTQ/194122/3D1237A_S301_L004_R2_001.trimmed.fastq.gz,0.222194
349,14542.NOD1O4.R4,3D1299A,/qmounts/qiita_data/per_sample_FASTQ/194122/3D1299A_S18_L004_R1_001.trimmed.fastq.gz,/qmounts/qiita_data/per_sample_FASTQ/194122/3D1299A_S18_L004_R2_001.trimmed.fastq.gz,0.227599
350,14542.NOD1P4.R5,3D1239A,/qmounts/qiita_data/per_sample_FASTQ/194122/3D1239A_S82_L004_R1_001.trimmed.fastq.gz,/qmounts/qiita_data/per_sample_FASTQ/194122/3D1239A_S82_L004_R2_001.trimmed.fastq.gz,0.210837
351,14542.NOD3D2.C6,3D1340A,/qmounts/qiita_data/per_sample_FASTQ/194122/3D1340A_S329_L004_R1_001.trimmed.fastq.gz,/qmounts/qiita_data/per_sample_FASTQ/194122/3D1340A_S329_L004_R2_001.trimmed.fastq.gz,0.299057
352,14542.PMM1D1.R2,3D1208A,/qmounts/qiita_data/per_sample_FASTQ/194122/3D1208A_S463_L004_R1_001.trimmed.fastq.gz,/qmounts/qiita_data/per_sample_FASTQ/194122/3D1208A_S463_L004_R2_001.trimmed.fastq.gz,0.31629
353,14542.PMM1S1.R4,3D1023A,/qmounts/qiita_data/per_sample_FASTQ/194122/3D1023A_S213_L004_R1_001.trimmed.fastq.gz,/qmounts/qiita_data/per_sample_FASTQ/194122/3D1023A_S213_L004_R2_001.trimmed.fastq.gz,0.199726
354,14542.JPM1O2.L2,3D1487A,/qmounts/qiita_data/per_sample_FASTQ/194122/3D1487A_S170_L004_R1_001.trimmed.fastq.gz,/qmounts/qiita_data/per_sample_FASTQ/194122/3D1487A_S170_L004_R2_001.trimmed.fastq.gz,0.130922
355,14542.PMM1O1.R7,3D0371A,/qmounts/qiita_data/per_sample_FASTQ/194122/3D0371A_S260_L004_R1_001.trimmed.fastq.gz,/qmounts/qiita_data/per_sample_FASTQ/194122/3D0371A_S260_L004_R2_001.trimmed.fastq.gz,0.143181
356,14542.PMM1O1.R8,3D0306A,/qmounts/qiita_data/per_sample_FASTQ/194122/3D0306A_S395_L004_R1_001.trimmed.fastq.gz,/qmounts/qiita_data/per_sample_FASTQ/194122/3D0306A_S395_L004_R2_001.trimmed.fastq.gz,0.244343
357,14542.NOD2S4.L4,3D0857A,/qmounts/qiita_data/per_sample_FASTQ/194122/3D0857A_S189_L004_R1_001.trimmed.fastq.gz,/qmounts/qiita_data/per_sample_FASTQ/194122/3D0857A_S189_L004_R2_001.trimmed.fastq.gz,0.294322
358,14542.LAB1S4.R1,3D0209A,/qmounts/qiita_data/per_sample_FASTQ/194122/3D0209A_S297_L004_R1_001.trimmed.fastq.gz,/qmounts/qiita_data/per_sample_FASTQ/194122/3D0209A_S297_L004_R2_001.trimmed.fastq.gz,0.128482
359,14542.PMM1O1.L6,3D0358A,/qmounts/qiita_data/per_sample_FASTQ/194122/3D0358A_S453_L004_R1_001.trimmed.fastq.gz,/qmounts/qiita_data/per_sample_FASTQ/194122/3D0358A_S453_L004_R2_001.trimmed.fastq.gz,0.076628
360,14542.NOD3D2.C3,3D1330A,/qmounts/qiita_data/per_sample_FASTQ/194122/3D1330A_S209_L004_R1_001.trimmed.fastq.gz,/qmounts/qiita_data/per_sample_FASTQ/194122/3D1330A_S209_L004_R2_001.trimmed.fastq.gz,0.15204
361,14542.NOD1S4.L6,3D1236A,/qmounts/qiita_data/per_sample_FASTQ/194122/3D1236A_S138_L004_R1_001.trimmed.fastq.gz,/qmounts/qiita_data/per_sample_FASTQ/194122/3D1236A_S138_L004_R2_001.trimmed.fastq.gz,0.121288
362,14542.PMM1P1.L2,3D0382A,/qmounts/qiita_data/per_sample_FASTQ/194122/3D0382A_S261_L004_R1_001.trimmed.fastq.gz,/qmounts/qiita_data/per_sample_FASTQ/194122/3D0382A_S261_L004_R2_001.trimmed.fastq.gz,0.191062
363,14542.NOD3F2.R3,3D1303A,/qmounts/qiita_data/per_sample_FASTQ/194122/3D1303A_S257_L004_R1_001.trimmed.fastq.gz,/qmounts/qiita_data/per_sample_FASTQ/194122/3D1303A_S257_L004_R2_001.trimmed.fastq.gz,0.315506
364,14542.NOD3F4.L2,3D0932A,/qmounts/qiita_data/per_sample_FASTQ/194122/3D0932A_S101_L004_R1_001.trimmed.fastq.gz,/qmounts/qiita_data/per_sample_FASTQ/194122/3D0932A_S101_L004_R2_001.trimmed.fastq.gz,0.216285
365,14542.NOD3F5.R7,3D0906A,/qmounts/qiita_data/per_sample_FASTQ/194122/3D0906A_S95_L004_R1_001.trimmed.fastq.gz,/qmounts/qiita_data/per_sample_FASTQ/194122/3D0906A_S95_L004_R2_001.trimmed.fastq.gz,0.170919
366,14542.PMM1S1.L2,3D1035A,/qmounts/qiita_data/per_sample_FASTQ/194122/3D1035A_S262_L004_R1_001.trimmed.fastq.gz,/qmounts/qiita_data/per_sample_FASTQ/194122/3D1035A_S262_L004_R2_001.trimmed.fastq.gz,0.138348
367,14542.JLP1F1.R4,3D1454A,/qmounts/qiita_data/per_sample_FASTQ/194122/3D1454A_S230_L004_R1_001.trimmed.fastq.gz,/qmounts/qiita_data/per_sample_FASTQ/194122/3D1454A_S230_L004_R2_001.trimmed.fastq.gz,0.145547
368,14542.NOD2S2.R6,3D1390A,/qmounts/qiita_data/per_sample_FASTQ/194122/3D1390A_S309_L004_R1_001.trimmed.fastq.gz,/qmounts/qiita_data/per_sample_FASTQ/194122/3D1390A_S309_L004_R2_001.trimmed.fastq.gz,0.251953
369,14542.NOD3A4.R2,3D1344A,/qmounts/qiita_data/per_sample_FASTQ/194122/3D1344A_S81_L004_R1_001.trimmed.fastq.gz,/qmounts/qiita_data/per_sample_FASTQ/194122/3D1344A_S81_L004_R2_001.trimmed.fastq.gz,0.127999
370,14542.NOD1D4.R10,3D1249A,/qmounts/qiita_data/per_sample_FASTQ/194122/3D1249A_S295_L004_R1_001.trimmed.fastq.gz,/qmounts/qiita_data/per_sample_FASTQ/194122/3D1249A_S295_L004_R2_001.trimmed.fastq.gz,0.112917
371,14542.LAB1S3.L1,3D0216A,/qmounts/qiita_data/per_sample_FASTQ/194122/3D0216A_S120_L004_R1_001.trimmed.fastq.gz,/qmounts/qiita_data/per_sample_FASTQ/194122/3D0216A_S120_L004_R2_001.trimmed.fastq.gz,0.16017
372,14542.LAB1O3.L2,3D0225A,/qmounts/qiita_data/per_sample_FASTQ/194122/3D0225A_S67_L004_R1_001.trimmed.fastq.gz,/qmounts/qiita_data/per_sample_FASTQ/194122/3D0225A_S67_L004_R2_001.trimmed.fastq.gz,0.233512
373,14542.PMM1D1.L6,3D1025A,/qmounts/qiita_data/per_sample_FASTQ/194122/3D1025A_S324_L004_R1_001.trimmed.fastq.gz,/qmounts/qiita_data/per_sample_FASTQ/194122/3D1025A_S324_L004_R2_001.trimmed.fastq.gz,0.346359
374,14542.A.L1F1.L1,3D1296A,/qmounts/qiita_data/per_sample_FASTQ/194122/3D1296A_S222_L004_R1_001.trimmed.fastq.gz,/qmounts/qiita_data/per_sample_FASTQ/194122/3D1296A_S222_L004_R2_001.trimmed.fastq.gz,0.15942
375,14542.JPM1O6.L1,3D0383A,/qmounts/qiita_data/per_sample_FASTQ/194122/3D0383A_S178_L004_R1_001.trimmed.fastq.gz,/qmounts/qiita_data/per_sample_FASTQ/194122/3D0383A_S178_L004_R2_001.trimmed.fastq.gz,0.275185
376,14542.NOD1O4.L6,3D1297A,/qmounts/qiita_data/per_sample_FASTQ/194122/3D1297A_S73_L004_R1_001.trimmed.fastq.gz,/qmounts/qiita_data/per_sample_FASTQ/194122/3D1297A_S73_L004_R2_001.trimmed.fastq.gz,0.148799
377,14542.NOD3O4.L2,3D0925A,/qmounts/qiita_data/per_sample_FASTQ/194122/3D0925A_S452_L004_R1_001.trimmed.fastq.gz,/qmounts/qiita_data/per_sample_FASTQ/194122/3D0925A_S452_L004_R2_001.trimmed.fastq.gz,0.270196
378,14542.COL1O4.R1,3D0484A,/qmounts/qiita_data/per_sample_FASTQ/194122/3D0484A_S338_L004_R1_001.trimmed.fastq.gz,/qmounts/qiita_data/per_sample_FASTQ/194122/3D0484A_S338_L004_R2_001.trimmed.fastq.gz,0.168695
379,14542.PMM1O1.L3,3D0392A,/qmounts/qiita_data/per_sample_FASTQ/194122/3D0392A_S265_L004_R1_001.trimmed.fastq.gz,/qmounts/qiita_data/per_sample_FASTQ/194122/3D0392A_S265_L004_R2_001.trimmed.fastq.gz,0.160024
380,14542.NOD3F4.R3,3D0944A,/qmounts/qiita_data/per_sample_FASTQ/194122/3D0944A_S104_L004_R1_001.trimmed.fastq.gz,/qmounts/qiita_data/per_sample_FASTQ/194122/3D0944A_S104_L004_R2_001.trimmed.fastq.gz,0.0989137
381,14542.NOD3F2.L3,3D1379A,/qmounts/qiita_data/per_sample_FASTQ/194122/3D1379A_S382_L004_R1_001.trimmed.fastq.gz,/qmounts/qiita_data/per_sample_FASTQ/194122/3D1379A_S382_L004_R2_001.trimmed.fastq.gz,0.246823
382,14542.COL1A4.R1,3D0461A,/qmounts/qiita_data/per_sample_FASTQ/194122/3D0461A_S219_L004_R1_001.trimmed.fastq.gz,/qmounts/qiita_data/per_sample_FASTQ/194122/3D0461A_S219_L004_R2_001.trimmed.fastq.gz,0.159328
383,14542.NOD2D2.L3,3D1369A,/qmounts/qiita_data/per_sample_FASTQ/194122/3D1369A_S243_L004_R1_001.trimmed.fastq.gz,/qmounts/qiita_data/per_sample_FASTQ/194122/3D1369A_S243_L004_R2_001.trimmed.fastq.gz,0.243864
384,14542.PMM1P1.L4,3D0378A,/qmounts/qiita_data/per_sample_FASTQ/194122/3D0378A_S384_L004_R1_001.trimmed.fastq.gz,/qmounts/qiita_data/per_sample_FASTQ/194122/3D0378A_S384_L004_R2_001.trimmed.fastq.gz,0.240178
385,14542.NOD3O2.L9,3D0922A,/qmounts/qiita_data/per_sample_FASTQ/194122/3D0922A_S103_L004_R1_001.trimmed.fastq.gz,/qmounts/qiita_data/per_sample_FASTQ/194122/3D0922A_S103_L004_R2_001.trimmed.fastq.gz,0.356528
386,14542.NOD3F4.L4,3D0913A,/qmounts/qiita_data/per_sample_FASTQ/194122/3D0913A_S51_L004_R1_001.trimmed.fastq.gz,/qmounts/qiita_data/per_sample_FASTQ/194122/3D0913A_S51_L004_R2_001.trimmed.fastq.gz,0.232678
387,14542.NOD3A2.R2,3D0402A,/qmounts/qiita_data/per_sample_FASTQ/194122/3D0402A_S314_L004_R1_001.trimmed.fastq.gz,/qmounts/qiita_data/per_sample_FASTQ/194122/3D0402A_S314_L004_R2_001.trimmed.fastq.gz,0.200606
388,14542.NOD3A5.L1,3D1356A,/qmounts/qiita_data/per_sample_FASTQ/194122/3D1356A_S381_L004_R1_001.trimmed.fastq.gz,/qmounts/qiita_data/per_sample_FASTQ/194122/3D1356A_S381_L004_R2_001.trimmed.fastq.gz,0.281941
389,14542.LAB1S6.R2,3D0207A,/qmounts/qiita_data/per_sample_FASTQ/194122/3D0207A_S124_L004_R1_001.trimmed.fastq.gz,/qmounts/qiita_data/per_sample_FASTQ/194122/3D0207A_S124_L004_R2_001.trimmed.fastq.gz,0.133594
390,14542.LAB1O3.R1,3D0248A,/qmounts/qiita_data/per_sample_FASTQ/194122/3D0248A_S14_L004_R1_001.trimmed.fastq.gz,/qmounts/qiita_data/per_sample_FASTQ/194122/3D0248A_S14_L004_R2_001.trimmed.fastq.gz,0.267792
391,14542.NOD2O2.R4,3D1311A,/qmounts/qiita_data/per_sample_FASTQ/194122/3D1311A_S136_L004_R1_001.trimmed.fastq.gz,/qmounts/qiita_data/per_sample_FASTQ/194122/3D1311A_S136_L004_R2_001.trimmed.fastq.gz,0.199077
392,14542.NOD2O4.L6,3D0854A,/qmounts/qiita_data/per_sample_FASTQ/194122/3D0854A_S429_L004_R1_001.trimmed.fastq.gz,/qmounts/qiita_data/per_sample_FASTQ/194122/3D0854A_S429_L004_R2_001.trimmed.fastq.gz,0.0915486
